,0
0,avg_gauss1
1,avg_gauss2
2,avg_repulsion
3,avg_hydrophobic
4,avg_hydrogen
5,Model1.gauss1
6,Model1.gauss2
7,Model1.repulsion
8,Model1.hydrophobic
9,Model1.hydrogen
10,vina_score
11,[G1.1.1.1]
12,[G1.1.1.2]
13,[G1.1.1.3]
14,[G1.1.1.4]
15,[G1.1.1.5]
16,[G1.1.1.6]
17,[G1.1.1.7]
18,[G1.1.1.8]
19,[G1.1.1.9]
20,[G1.1.1.10]
21,[G1.1.1.11]
22,[G1.1.1.12]
23,[G1.1.1.13]
24,[G1.1.1.14]
25,[G1.1.1.15]
26,[G1.1.1.16]
27,[G1.1.1.17]
28,[G1.1.1.18]
29,[G1.1.1.19]
30,[G1.1.1.20]
31,[G2.1.1.1]
32,[G2.1.1.2]
33,[G2.1.1.3]
34,[G2.1.1.4]
35,[G2.1.1.5]
36,[G2.1.1.6]
37,[G2.1.1.7]
38,[G2.1.1.8]
39,[G2.1.1.9]
40,[G2.1.1.10]
41,[G2.1.1.11]
42,[G2.1.1.12]
43,[G2.1.1.13]
44,[G2.1.1.14]
45,[G2.1.1.15]
46,[G2.1.1.16]
47,[G2.1.1.17]
48,[G2.1.1.18]
49,[G2.1.1.19]
50,[G2.1.1.20]
51,[G2.1.1.21]
52,[G2.1.1.22]
53,[G2.1.1.23]
54,[G2.1.1.24]
55,[G2.1.1.25]
56,[G2.1.1.26]
57,[G2.1.1.27]
58,[G2.1.1.28]
59,[G2.1.1.29]
60,[G2.1.1.30]
61,[G2.1.1.31]
62,[G2.1.1.32]
63,[G2.1.1.33]
64,[G2.1.1.34]
65,[G2.1.1.35]
66,[G2.1.1.36]
67,[G2.1.1.37]
68,[G2.1.1.38]
69,[G2.1.1.39]
70,[G2.1.1.40]
71,[G2.1.1.41]
72,[G2.1.1.42]
73,[G2.1.1.43]
74,[G2.1.1.44]
75,[G2.1.1.45]
76,[G2.1.1.46]
77,[G2.1.1.47]
78,[G2.1.1.48]
79,[G2.1.1.49]
80,[G2.1.1.50]
81,[G2.1.1.51]
82,[G2.1.1.52]
83,[G2.1.1.53]
84,[G2.1.1.54]
85,[G2.1.1.55]
86,[G2.1.1.56]
87,[G2.1.1.57]
88,[G2.1.1.58]
89,[G2.1.1.59]
90,[G2.1.1.60]
91,[G2.1.1.61]
92,[G2.1.1.62]
93,[G2.1.1.63]
94,[G2.1.1.64]
95,[G2.1.1.65]
96,[G2.1.1.66]
97,[G2.1.1.67]
98,[G2.1.1.68]
99,[G2.1.1.69]
100,[G2.1.1.70]
101,[G2.1.1.71]
102,[G2.1.1.72]
103,[G2.1.1.73]
104,[G2.1.1.74]
105,[G2.1.1.75]
106,[G2.1.1.76]
107,[G2.1.1.77]
108,[G2.1.1.78]
109,[G2.1.1.79]
110,[G2.1.1.80]
111,[G2.1.1.81]
112,[G2.1.1.82]
113,[G2.1.1.83]
114,[G2.1.1.84]
115,[G2.1.1.85]
116,[G2.1.1.86]
117,[G2.1.1.87]
118,[G2.1.1.88]
119,[G2.1.1.89]
120,[G2.1.1.90]
121,[G2.1.1.91]
122,[G2.1.1.92]
123,[G2.1.1.93]
124,[G2.1.1.94]
125,[G2.1.1.95]
126,[G2.1.1.96]
127,[G2.1.1.97]
128,[G2.1.1.98]
129,[G2.1.1.99]
130,[G2.1.1.100]
131,[G2.1.1.101]
132,[G2.1.1.102]
133,[G2.1.1.103]
134,[G2.1.1.104]
135,[G2.1.1.105]
136,[G2.1.1.106]
137,[G2.1.1.107]
138,[G2.1.1.108]
139,[G2.1.1.109]
140,[G2.1.1.110]
141,[G2.1.1.111]
142,[G2.1.1.112]
143,[G2.1.1.113]
144,[G2.1.1.114]
145,[G2.1.1.115]
146,[G2.1.1.116]
147,[G2.1.1.117]
148,[G2.1.1.118]
149,[G2.1.1.119]
150,[G2.1.1.120]
151,[G2.1.1.121]
152,[G2.1.1.122]
153,[G2.1.1.123]
154,[G2.1.1.124]
155,[G2.1.1.125]
156,[G2.1.1.126]
157,[G2.1.1.127]
158,[G2.1.1.128]
159,[G2.1.1.129]
160,[G2.1.1.130]
161,[G2.1.1.131]
162,[G2.1.1.132]
163,[G2.1.1.133]
164,[G2.1.1.134]
165,[G2.1.1.135]
166,[G2.1.1.136]
167,[G2.1.1.137]
168,[G2.1.1.138]
169,[G2.1.1.139]
170,[G2.1.1.140]
171,[G2.1.1.141]
172,[G2.1.1.142]
173,[G2.1.1.143]
174,[G2.1.1.144]
175,[G2.1.1.145]
176,[G2.1.1.146]
177,[G2.1.1.147]
178,[G2.1.1.148]
179,[G2.1.1.149]
180,[G2.1.1.150]
181,[G2.1.1.151]
182,[G2.1.1.152]
183,[G2.1.1.153]
184,[G2.1.1.154]
185,[G2.1.1.155]
186,[G2.1.1.156]
187,[G2.1.1.157]
188,[G2.1.1.158]
189,[G2.1.1.159]
190,[G2.1.1.160]
191,[G2.1.1.161]
192,[G2.1.1.162]
193,[G2.1.1.163]
194,[G2.1.1.164]
195,[G2.1.1.165]
196,[G2.1.1.166]
197,[G2.1.1.167]
198,[G2.1.1.168]
199,[G2.1.1.169]
200,[G2.1.1.170]
201,[G2.1.1.171]
202,[G2.1.1.172]
203,[G2.1.1.173]
204,[G2.1.1.174]
205,[G2.1.1.175]
206,[G2.1.1.176]
207,[G2.1.1.177]
208,[G2.1.1.178]
209,[G2.1.1.179]
210,[G2.1.1.180]
211,[G2.1.1.181]
212,[G2.1.1.182]
213,[G2.1.1.183]
214,[G2.1.1.184]
215,[G2.1.1.185]
216,[G2.1.1.186]
217,[G2.1.1.187]
218,[G2.1.1.188]
219,[G2.1.1.189]
220,[G2.1.1.190]
221,[G2.1.1.191]
222,[G2.1.1.192]
223,[G2.1.1.193]
224,[G2.1.1.194]
225,[G2.1.1.195]
226,[G2.1.1.196]
227,[G2.1.1.197]
228,[G2.1.1.198]
229,[G2.1.1.199]
230,[G2.1.1.200]
231,[G2.1.1.201]
232,[G2.1.1.202]
233,[G2.1.1.203]
234,[G2.1.1.204]
235,[G2.1.1.205]
236,[G2.1.1.206]
237,[G2.1.1.207]
238,[G2.1.1.208]
239,[G2.1.1.209]
240,[G2.1.1.210]
241,[G2.1.1.211]
242,[G2.1.1.212]
243,[G2.1.1.213]
244,[G2.1.1.214]
245,[G2.1.1.215]
246,[G2.1.1.216]
247,[G2.1.1.217]
248,[G2.1.1.218]
249,[G2.1.1.219]
250,[G2.1.1.220]
251,[G2.1.1.221]
252,[G2.1.1.222]
253,[G2.1.1.223]
254,[G2.1.1.224]
255,[G2.1.1.225]
256,[G2.1.1.226]
257,[G2.1.1.227]
258,[G2.1.1.228]
259,[G2.1.1.229]
260,[G2.1.1.230]
261,[G2.1.1.231]
262,[G2.1.1.232]
263,[G2.1.1.233]
264,[G2.1.1.234]
265,[G2.1.1.235]
266,[G2.1.1.236]
267,[G2.1.1.237]
268,[G2.1.1.238]
269,[G2.1.1.239]
270,[G2.1.1.240]
271,[G2.1.1.241]
272,[G2.1.1.242]
273,[G2.1.1.243]
274,[G2.1.1.244]
275,[G2.1.1.245]
276,[G2.1.1.246]
277,[G2.1.1.247]
278,[G2.1.1.248]
279,[G2.1.1.249]
280,[G2.1.1.250]
281,[G2.1.1.251]
282,[G2.1.1.252]
283,[G2.1.1.253]
284,[G2.1.1.254]
285,[G2.1.1.255]
286,[G2.1.1.256]
287,[G2.1.1.257]
288,[G2.1.1.258]
289,[G2.1.1.259]
290,[G2.1.1.260]
291,[G2.1.1.261]
292,[G2.1.1.262]
293,[G2.1.1.263]
294,[G2.1.1.264]
295,[G2.1.1.265]
296,[G2.1.1.266]
297,[G2.1.1.267]
298,[G2.1.1.268]
299,[G2.1.1.269]
300,[G2.1.1.270]
301,[G2.1.1.271]
302,[G2.1.1.272]
303,[G2.1.1.273]
304,[G2.1.1.274]
305,[G2.1.1.275]
306,[G2.1.1.276]
307,[G2.1.1.277]
308,[G2.1.1.278]
309,[G2.1.1.279]
310,[G2.1.1.280]
311,[G2.1.1.281]
312,[G2.1.1.282]
313,[G2.1.1.283]
314,[G2.1.1.284]
315,[G2.1.1.285]
316,[G2.1.1.286]
317,[G2.1.1.287]
318,[G2.1.1.288]
319,[G2.1.1.289]
320,[G2.1.1.290]
321,[G2.1.1.291]
322,[G2.1.1.292]
323,[G2.1.1.293]
324,[G2.1.1.294]
325,[G2.1.1.295]
326,[G2.1.1.296]
327,[G2.1.1.297]
328,[G2.1.1.298]
329,[G2.1.1.299]
330,[G2.1.1.300]
331,[G2.1.1.301]
332,[G2.1.1.302]
333,[G2.1.1.303]
334,[G2.1.1.304]
335,[G2.1.1.305]
336,[G2.1.1.306]
337,[G2.1.1.307]
338,[G2.1.1.308]
339,[G2.1.1.309]
340,[G2.1.1.310]
341,[G2.1.1.311]
342,[G2.1.1.312]
343,[G2.1.1.313]
344,[G2.1.1.314]
345,[G2.1.1.315]
346,[G2.1.1.316]
347,[G2.1.1.317]
348,[G2.1.1.318]
349,[G2.1.1.319]
350,[G2.1.1.320]
351,[G2.1.1.321]
352,[G2.1.1.322]
353,[G2.1.1.323]
354,[G2.1.1.324]
355,[G2.1.1.325]
356,[G2.1.1.326]
357,[G2.1.1.327]
358,[G2.1.1.328]
359,[G2.1.1.329]
360,[G2.1.1.330]
361,[G2.1.1.331]
362,[G2.1.1.332]
363,[G2.1.1.333]
364,[G2.1.1.334]
365,[G2.1.1.335]
366,[G2.1.1.336]
367,[G2.1.1.337]
368,[G2.1.1.338]
369,[G2.1.1.339]
370,[G2.1.1.340]
371,[G2.1.1.341]
372,[G2.1.1.342]
373,[G2.1.1.343]
374,[G2.1.1.344]
375,[G2.1.1.345]
376,[G2.1.1.346]
377,[G2.1.1.347]
378,[G2.1.1.348]
379,[G2.1.1.349]
380,[G2.1.1.350]
381,[G2.1.1.351]
382,[G2.1.1.352]
383,[G2.1.1.353]
384,[G2.1.1.354]
385,[G2.1.1.355]
386,[G2.1.1.356]
387,[G2.1.1.357]
388,[G2.1.1.358]
389,[G2.1.1.359]
390,[G2.1.1.360]
391,[G2.1.1.361]
392,[G2.1.1.362]
393,[G2.1.1.363]
394,[G2.1.1.364]
395,[G2.1.1.365]
396,[G2.1.1.366]
397,[G2.1.1.367]
398,[G2.1.1.368]
399,[G2.1.1.369]
400,[G2.1.1.370]
401,[G2.1.1.371]
402,[G2.1.1.372]
403,[G2.1.1.373]
404,[G2.1.1.374]
405,[G2.1.1.375]
406,[G2.1.1.376]
407,[G2.1.1.377]
408,[G2.1.1.378]
409,[G2.1.1.379]
410,[G2.1.1.380]
411,[G2.1.1.381]
412,[G2.1.1.382]
413,[G2.1.1.383]
414,[G2.1.1.384]
415,[G2.1.1.385]
416,[G2.1.1.386]
417,[G2.1.1.387]
418,[G2.1.1.388]
419,[G2.1.1.389]
420,[G2.1.1.390]
421,[G2.1.1.391]
422,[G2.1.1.392]
423,[G2.1.1.393]
424,[G2.1.1.394]
425,[G2.1.1.395]
426,[G2.1.1.396]
427,[G2.1.1.397]
428,[G2.1.1.398]
429,[G2.1.1.399]
430,[G2.1.1.400]
431,[G3.1.1.1.1]
432,[G3.1.1.1.2]
433,[G3.1.1.1.3]
434,[G3.1.1.1.4]
435,[G3.1.1.1.5]
436,[G3.1.1.1.6]
437,[G3.1.1.1.7]
438,[G3.1.1.1.8]
439,[G3.1.1.1.9]
440,[G3.1.1.1.10]
441,[G3.1.1.1.11]
442,[G3.1.1.1.12]
443,[G3.1.1.1.13]
444,[G3.1.1.1.14]
445,[G3.1.1.1.15]
446,[G3.1.1.1.16]
447,[G3.1.1.1.17]
448,[G3.1.1.1.18]
449,[G3.1.1.1.19]
450,[G3.1.1.1.20]
451,[G3.1.1.1.21]
452,[G3.1.1.1.22]
453,[G3.1.1.1.23]
454,[G3.1.1.1.24]
455,[G3.1.1.1.25]
456,[G3.1.1.1.26]
457,[G3.1.1.1.27]
458,[G3.1.1.1.28]
459,[G3.1.1.1.29]
460,[G3.1.1.1.30]
461,[G3.1.2.1.1]
462,[G3.1.2.1.2]
463,[G3.1.2.1.3]
464,[G3.1.2.1.4]
465,[G3.1.2.1.5]
466,[G3.1.2.1.6]
467,[G3.1.2.1.7]
468,[G3.1.2.1.8]
469,[G3.1.2.1.9]
470,[G3.1.2.1.10]
471,[G3.1.2.1.11]
472,[G3.1.2.1.12]
473,[G3.1.2.1.13]
474,[G3.1.2.1.14]
475,[G3.1.2.1.15]
476,[G3.1.2.1.16]
477,[G3.1.2.1.17]
478,[G3.1.2.1.18]
479,[G3.1.2.1.19]
480,[G3.1.2.1.20]
481,[G3.1.2.1.21]
482,[G3.1.2.1.22]
483,[G3.1.2.1.23]
484,[G3.1.2.1.24]
485,[G3.1.2.1.25]
486,[G3.1.2.1.26]
487,[G3.1.2.1.27]
488,[G3.1.2.1.28]
489,[G3.1.2.1.29]
490,[G3.1.2.1.30]
491,[G3.1.4.1.1]
492,[G3.1.4.1.2]
493,[G3.1.4.1.3]
494,[G3.1.4.1.4]
495,[G3.1.4.1.5]
496,[G3.1.4.1.6]
497,[G3.1.4.1.7]
498,[G3.1.4.1.8]
499,[G3.1.4.1.9]
500,[G3.1.4.1.10]
501,[G3.1.4.1.11]
502,[G3.1.4.1.12]
503,[G3.1.4.1.13]
504,[G3.1.4.1.14]
505,[G3.1.4.1.15]
506,[G3.1.4.1.16]
507,[G3.1.4.1.17]
508,[G3.1.4.1.18]
509,[G3.1.4.1.19]
510,[G3.1.4.1.20]
511,[G3.1.4.1.21]
512,[G3.1.4.1.22]
513,[G3.1.4.1.23]
514,[G3.1.4.1.24]
515,[G3.1.4.1.25]
516,[G3.1.4.1.26]
517,[G3.1.4.1.27]
518,[G3.1.4.1.28]
519,[G3.1.4.1.29]
520,[G3.1.4.1.30]
521,[G3.2.1.1.1]
522,[G3.2.1.1.2]
523,[G3.2.1.1.3]
524,[G3.2.1.1.4]
525,[G3.2.1.1.5]
526,[G3.2.1.1.6]
527,[G3.2.1.1.7]
528,[G3.2.1.1.8]
529,[G3.2.1.1.9]
530,[G3.2.1.1.10]
531,[G3.2.1.1.11]
532,[G3.2.1.1.12]
533,[G3.2.1.1.13]
534,[G3.2.1.1.14]
535,[G3.2.1.1.15]
536,[G3.2.1.1.16]
537,[G3.2.1.1.17]
538,[G3.2.1.1.18]
539,[G3.2.1.1.19]
540,[G3.2.1.1.20]
541,[G3.2.1.1.21]
542,[G3.2.1.1.22]
543,[G3.2.1.1.23]
544,[G3.2.1.1.24]
545,[G3.2.1.1.25]
546,[G3.2.1.1.26]
547,[G3.2.1.1.27]
548,[G3.2.1.1.28]
549,[G3.2.1.1.29]
550,[G3.2.1.1.30]
551,[G3.2.2.1.1]
552,[G3.2.2.1.2]
553,[G3.2.2.1.3]
554,[G3.2.2.1.4]
555,[G3.2.2.1.5]
556,[G3.2.2.1.6]
557,[G3.2.2.1.7]
558,[G3.2.2.1.8]
559,[G3.2.2.1.9]
560,[G3.2.2.1.10]
561,[G3.2.2.1.11]
562,[G3.2.2.1.12]
563,[G3.2.2.1.13]
564,[G3.2.2.1.14]
565,[G3.2.2.1.15]
566,[G3.2.2.1.16]
567,[G3.2.2.1.17]
568,[G3.2.2.1.18]
569,[G3.2.2.1.19]
570,[G3.2.2.1.20]
571,[G3.2.2.1.21]
572,[G3.2.2.1.22]
573,[G3.2.2.1.23]
574,[G3.2.2.1.24]
575,[G3.2.2.1.25]
576,[G3.2.2.1.26]
577,[G3.2.2.1.27]
578,[G3.2.2.1.28]
579,[G3.2.2.1.29]
580,[G3.2.2.1.30]
581,[G3.2.4.1.1]
582,[G3.2.4.1.2]
583,[G3.2.4.1.3]
584,[G3.2.4.1.4]
585,[G3.2.4.1.5]
586,[G3.2.4.1.6]
587,[G3.2.4.1.7]
588,[G3.2.4.1.8]
589,[G3.2.4.1.9]
590,[G3.2.4.1.10]
591,[G3.2.4.1.11]
592,[G3.2.4.1.12]
593,[G3.2.4.1.13]
594,[G3.2.4.1.14]
595,[G3.2.4.1.15]
596,[G3.2.4.1.16]
597,[G3.2.4.1.17]
598,[G3.2.4.1.18]
599,[G3.2.4.1.19]
600,[G3.2.4.1.20]
601,[G3.2.4.1.21]
602,[G3.2.4.1.22]
603,[G3.2.4.1.23]
604,[G3.2.4.1.24]
605,[G3.2.4.1.25]
606,[G3.2.4.1.26]
607,[G3.2.4.1.27]
608,[G3.2.4.1.28]
609,[G3.2.4.1.29]
610,[G3.2.4.1.30]
611,[G3.3.1.1.1]
612,[G3.3.1.1.2]
613,[G3.3.1.1.3]
614,[G3.3.1.1.4]
615,[G3.3.1.1.5]
616,[G3.3.1.1.6]
617,[G3.3.1.1.7]
618,[G3.3.1.1.8]
619,[G3.3.1.1.9]
620,[G3.3.1.1.10]
621,[G3.3.1.1.11]
622,[G3.3.1.1.12]
623,[G3.3.1.1.13]
624,[G3.3.1.1.14]
625,[G3.3.1.1.15]
626,[G3.3.1.1.16]
627,[G3.3.1.1.17]
628,[G3.3.1.1.18]
629,[G3.3.1.1.19]
630,[G3.3.1.1.20]
631,[G3.3.1.1.21]
632,[G3.3.1.1.22]
633,[G3.3.1.1.23]
634,[G3.3.1.1.24]
635,[G3.3.1.1.25]
636,[G3.3.1.1.26]
637,[G3.3.1.1.27]
638,[G3.3.1.1.28]
639,[G3.3.1.1.29]
640,[G3.3.1.1.30]
641,[G3.3.2.1.1]
642,[G3.3.2.1.2]
643,[G3.3.2.1.3]
644,[G3.3.2.1.4]
645,[G3.3.2.1.5]
646,[G3.3.2.1.6]
647,[G3.3.2.1.7]
648,[G3.3.2.1.8]
649,[G3.3.2.1.9]
650,[G3.3.2.1.10]
651,[G3.3.2.1.11]
652,[G3.3.2.1.12]
653,[G3.3.2.1.13]
654,[G3.3.2.1.14]
655,[G3.3.2.1.15]
656,[G3.3.2.1.16]
657,[G3.3.2.1.17]
658,[G3.3.2.1.18]
659,[G3.3.2.1.19]
660,[G3.3.2.1.20]
661,[G3.3.2.1.21]
662,[G3.3.2.1.22]
663,[G3.3.2.1.23]
664,[G3.3.2.1.24]
665,[G3.3.2.1.25]
666,[G3.3.2.1.26]
667,[G3.3.2.1.27]
668,[G3.3.2.1.28]
669,[G3.3.2.1.29]
670,[G3.3.2.1.30]
671,[G3.3.4.1.1]
672,[G3.3.4.1.2]
673,[G3.3.4.1.3]
674,[G3.3.4.1.4]
675,[G3.3.4.1.5]
676,[G3.3.4.1.6]
677,[G3.3.4.1.7]
678,[G3.3.4.1.8]
679,[G3.3.4.1.9]
680,[G3.3.4.1.10]
681,[G3.3.4.1.11]
682,[G3.3.4.1.12]
683,[G3.3.4.1.13]
684,[G3.3.4.1.14]
685,[G3.3.4.1.15]
686,[G3.3.4.1.16]
687,[G3.3.4.1.17]
688,[G3.3.4.1.18]
689,[G3.3.4.1.19]
690,[G3.3.4.1.20]
691,[G3.3.4.1.21]
692,[G3.3.4.1.22]
693,[G3.3.4.1.23]
694,[G3.3.4.1.24]
695,[G3.3.4.1.25]
696,[G3.3.4.1.26]
697,[G3.3.4.1.27]
698,[G3.3.4.1.28]
699,[G3.3.4.1.29]
700,[G3.3.4.1.30]
701,[G4.1.1.1]
702,[G4.1.1.2]
703,[G4.1.1.3]
704,[G4.1.2.1]
705,[G4.1.2.2]
706,[G4.1.2.3]
707,[G4.1.3.1]
708,[G4.1.3.2]
709,[G4.1.3.3]
710,[G4.1.4.1]
711,[G4.1.4.2]
712,[G4.1.4.3]
713,[G4.1.5.1]
714,[G4.1.5.2]
715,[G4.1.5.3]
716,[G4.1.6.1]
717,[G4.1.6.2]
718,[G4.1.6.3]
719,[G4.1.7.1]
720,[G4.1.7.2]
721,[G4.1.7.3]
722,[G4.1.8.1]
723,[G4.1.8.2]
724,[G4.1.8.3]
725,[G4.1.9.1]
726,[G4.1.9.2]
727,[G4.1.9.3]
728,[G4.1.10.1]
729,[G4.1.10.2]
730,[G4.1.10.3]
731,[G4.1.11.1]
732,[G4.1.11.2]
733,[G4.1.11.3]
734,[G4.1.12.1]
735,[G4.1.12.2]
736,[G4.1.12.3]
737,[G4.1.13.1]
738,[G4.1.13.2]
739,[G4.1.13.3]
740,[G4.1.14.1]
741,[G4.1.14.2]
742,[G4.1.14.3]
743,[G4.1.15.1]
744,[G4.1.15.2]
745,[G4.1.15.3]
746,[G4.1.16.1]
747,[G4.1.16.2]
748,[G4.1.16.3]
749,[G4.1.17.1]
750,[G4.1.17.2]
751,[G4.1.17.3]
752,[G4.1.18.1]
753,[G4.1.18.2]
754,[G4.1.18.3]
755,[G4.1.19.1]
756,[G4.1.19.2]
757,[G4.1.19.3]
758,[G4.1.20.1]
759,[G4.1.20.2]
760,[G4.1.20.3]
761,[G4.1.21.1]
762,[G4.1.21.2]
763,[G4.1.21.3]
764,[G4.1.22.1]
765,[G4.1.22.2]
766,[G4.1.22.3]
767,[G4.1.23.1]
768,[G4.1.23.2]
769,[G4.1.23.3]
770,[G4.1.24.1]
771,[G4.1.24.2]
772,[G4.1.24.3]
773,[G4.2.1.1]
774,[G4.2.1.2]
775,[G4.2.1.3]
776,[G4.2.2.1]
777,[G4.2.2.2]
778,[G4.2.2.3]
779,[G4.2.3.1]
780,[G4.2.3.2]
781,[G4.2.3.3]
782,[G4.2.4.1]
783,[G4.2.4.2]
784,[G4.2.4.3]
785,[G4.2.5.1]
786,[G4.2.5.2]
787,[G4.2.5.3]
788,[G4.2.6.1]
789,[G4.2.6.2]
790,[G4.2.6.3]
791,[G4.2.7.1]
792,[G4.2.7.2]
793,[G4.2.7.3]
794,[G4.2.8.1]
795,[G4.2.8.2]
796,[G4.2.8.3]
797,[G4.2.9.1]
798,[G4.2.9.2]
799,[G4.2.9.3]
800,[G4.2.10.1]
801,[G4.2.10.2]
802,[G4.2.10.3]
803,[G4.2.11.1]
804,[G4.2.11.2]
805,[G4.2.11.3]
806,[G4.2.12.1]
807,[G4.2.12.2]
808,[G4.2.12.3]
809,[G4.2.13.1]
810,[G4.2.13.2]
811,[G4.2.13.3]
812,[G4.2.14.1]
813,[G4.2.14.2]
814,[G4.2.14.3]
815,[G4.2.15.1]
816,[G4.2.15.2]
817,[G4.2.15.3]
818,[G4.2.16.1]
819,[G4.2.16.2]
820,[G4.2.16.3]
821,[G4.2.17.1]
822,[G4.2.17.2]
823,[G4.2.17.3]
824,[G4.2.18.1]
825,[G4.2.18.2]
826,[G4.2.18.3]
827,[G4.2.19.1]
828,[G4.2.19.2]
829,[G4.2.19.3]
830,[G4.2.20.1]
831,[G4.2.20.2]
832,[G4.2.20.3]
833,[G4.2.21.1]
834,[G4.2.21.2]
835,[G4.2.21.3]
836,[G4.2.22.1]
837,[G4.2.22.2]
838,[G4.2.22.3]
839,[G4.2.23.1]
840,[G4.2.23.2]
841,[G4.2.23.3]
842,[G4.2.24.1]
843,[G4.2.24.2]
844,[G4.2.24.3]
845,[G4.3.1.1]
846,[G4.3.1.2]
847,[G4.3.1.3]
848,[G4.3.1.4]
849,[G4.3.1.5]
850,[G4.3.1.6]
851,[G4.3.1.7]
852,[G4.3.1.8]
853,[G4.3.1.9]
854,[G4.3.1.10]
855,[G4.3.1.11]
856,[G4.3.1.12]
857,[G4.3.1.13]
858,[G4.3.1.14]
859,[G4.3.1.15]
860,[G4.3.2.1]
861,[G4.3.2.2]
862,[G4.3.2.3]
863,[G4.3.2.4]
864,[G4.3.2.5]
865,[G4.3.2.6]
866,[G4.3.2.7]
867,[G4.3.2.8]
868,[G4.3.2.9]
869,[G4.3.2.10]
870,[G4.3.2.11]
871,[G4.3.2.12]
872,[G4.3.2.13]
873,[G4.3.2.14]
874,[G4.3.2.15]
875,[G4.3.3.1]
876,[G4.3.3.2]
877,[G4.3.3.3]
878,[G4.3.3.4]
879,[G4.3.3.5]
880,[G4.3.3.6]
881,[G4.3.3.7]
882,[G4.3.3.8]
883,[G4.3.3.9]
884,[G4.3.3.10]
885,[G4.3.3.11]
886,[G4.3.3.12]
887,[G4.3.3.13]
888,[G4.3.3.14]
889,[G4.3.3.15]
890,[G4.3.4.1]
891,[G4.3.4.2]
892,[G4.3.4.3]
893,[G4.3.4.4]
894,[G4.3.4.5]
895,[G4.3.4.6]
896,[G4.3.4.7]
897,[G4.3.4.8]
898,[G4.3.4.9]
899,[G4.3.4.10]
900,[G4.3.4.11]
901,[G4.3.4.12]
902,[G4.3.4.13]
903,[G4.3.4.14]
904,[G4.3.4.15]
905,[G4.3.5.1]
906,[G4.3.5.2]
907,[G4.3.5.3]
908,[G4.3.5.4]
909,[G4.3.5.5]
910,[G4.3.5.6]
911,[G4.3.5.7]
912,[G4.3.5.8]
913,[G4.3.5.9]
914,[G4.3.5.10]
915,[G4.3.5.11]
916,[G4.3.5.12]
917,[G4.3.5.13]
918,[G4.3.5.14]
919,[G4.3.5.15]
920,[G4.3.6.1]
921,[G4.3.6.2]
922,[G4.3.6.3]
923,[G4.3.6.4]
924,[G4.3.6.5]
925,[G4.3.6.6]
926,[G4.3.6.7]
927,[G4.3.6.8]
928,[G4.3.6.9]
929,[G4.3.6.10]
930,[G4.3.6.11]
931,[G4.3.6.12]
932,[G4.3.6.13]
933,[G4.3.6.14]
934,[G4.3.6.15]
935,[G4.3.7.1]
936,[G4.3.7.2]
937,[G4.3.7.3]
938,[G4.3.7.4]
939,[G4.3.7.5]
940,[G4.3.7.6]
941,[G4.3.7.7]
942,[G4.3.7.8]
943,[G4.3.7.9]
944,[G4.3.7.10]
945,[G4.3.7.11]
946,[G4.3.7.12]
947,[G4.3.7.13]
948,[G4.3.7.14]
949,[G4.3.7.15]
950,[G4.3.8.1]
951,[G4.3.8.2]
952,[G4.3.8.3]
953,[G4.3.8.4]
954,[G4.3.8.5]
955,[G4.3.8.6]
956,[G4.3.8.7]
957,[G4.3.8.8]
958,[G4.3.8.9]
959,[G4.3.8.10]
960,[G4.3.8.11]
961,[G4.3.8.12]
962,[G4.3.8.13]
963,[G4.3.8.14]
964,[G4.3.8.15]
965,[G4.3.9.1]
966,[G4.3.9.2]
967,[G4.3.9.3]
968,[G4.3.9.4]
969,[G4.3.9.5]
970,[G4.3.9.6]
971,[G4.3.9.7]
972,[G4.3.9.8]
973,[G4.3.9.9]
974,[G4.3.9.10]
975,[G4.3.9.11]
976,[G4.3.9.12]
977,[G4.3.9.13]
978,[G4.3.9.14]
979,[G4.3.9.15]
980,[G4.3.10.1]
981,[G4.3.10.2]
982,[G4.3.10.3]
983,[G4.3.10.4]
984,[G4.3.10.5]
985,[G4.3.10.6]
986,[G4.3.10.7]
987,[G4.3.10.8]
988,[G4.3.10.9]
989,[G4.3.10.10]
990,[G4.3.10.11]
991,[G4.3.10.12]
992,[G4.3.10.13]
993,[G4.3.10.14]
994,[G4.3.10.15]
995,[G4.3.11.1]
996,[G4.3.11.2]
997,[G4.3.11.3]
998,[G4.3.11.4]
999,[G4.3.11.5]
1000,[G4.3.11.6]
1001,[G4.3.11.7]
1002,[G4.3.11.8]
1003,[G4.3.11.9]
1004,[G4.3.11.10]
1005,[G4.3.11.11]
1006,[G4.3.11.12]
1007,[G4.3.11.13]
1008,[G4.3.11.14]
1009,[G4.3.11.15]
1010,[G4.3.12.1]
1011,[G4.3.12.2]
1012,[G4.3.12.3]
1013,[G4.3.12.4]
1014,[G4.3.12.5]
1015,[G4.3.12.6]
1016,[G4.3.12.7]
1017,[G4.3.12.8]
1018,[G4.3.12.9]
1019,[G4.3.12.10]
1020,[G4.3.12.11]
1021,[G4.3.12.12]
1022,[G4.3.12.13]
1023,[G4.3.12.14]
1024,[G4.3.12.15]
1025,[G4.3.13.1]
1026,[G4.3.13.2]
1027,[G4.3.13.3]
1028,[G4.3.13.4]
1029,[G4.3.13.5]
1030,[G4.3.13.6]
1031,[G4.3.13.7]
1032,[G4.3.13.8]
1033,[G4.3.13.9]
1034,[G4.3.13.10]
1035,[G4.3.13.11]
1036,[G4.3.13.12]
1037,[G4.3.13.13]
1038,[G4.3.13.14]
1039,[G4.3.13.15]
1040,[G4.3.14.1]
1041,[G4.3.14.2]
1042,[G4.3.14.3]
1043,[G4.3.14.4]
1044,[G4.3.14.5]
1045,[G4.3.14.6]
1046,[G4.3.14.7]
1047,[G4.3.14.8]
1048,[G4.3.14.9]
1049,[G4.3.14.10]
1050,[G4.3.14.11]
1051,[G4.3.14.12]
1052,[G4.3.14.13]
1053,[G4.3.14.14]
1054,[G4.3.14.15]
1055,[G4.3.15.1]
1056,[G4.3.15.2]
1057,[G4.3.15.3]
1058,[G4.3.15.4]
1059,[G4.3.15.5]
1060,[G4.3.15.6]
1061,[G4.3.15.7]
1062,[G4.3.15.8]
1063,[G4.3.15.9]
1064,[G4.3.15.10]
1065,[G4.3.15.11]
1066,[G4.3.15.12]
1067,[G4.3.15.13]
1068,[G4.3.15.14]
1069,[G4.3.15.15]
1070,[G4.3.16.1]
1071,[G4.3.16.2]
1072,[G4.3.16.3]
1073,[G4.3.16.4]
1074,[G4.3.16.5]
1075,[G4.3.16.6]
1076,[G4.3.16.7]
1077,[G4.3.16.8]
1078,[G4.3.16.9]
1079,[G4.3.16.10]
1080,[G4.3.16.11]
1081,[G4.3.16.12]
1082,[G4.3.16.13]
1083,[G4.3.16.14]
1084,[G4.3.16.15]
1085,[G4.3.17.1]
1086,[G4.3.17.2]
1087,[G4.3.17.3]
1088,[G4.3.17.4]
1089,[G4.3.17.5]
1090,[G4.3.17.6]
1091,[G4.3.17.7]
1092,[G4.3.17.8]
1093,[G4.3.17.9]
1094,[G4.3.17.10]
1095,[G4.3.17.11]
1096,[G4.3.17.12]
1097,[G4.3.17.13]
1098,[G4.3.17.14]
1099,[G4.3.17.15]
1100,[G4.3.18.1]
1101,[G4.3.18.2]
1102,[G4.3.18.3]
1103,[G4.3.18.4]
1104,[G4.3.18.5]
1105,[G4.3.18.6]
1106,[G4.3.18.7]
1107,[G4.3.18.8]
1108,[G4.3.18.9]
1109,[G4.3.18.10]
1110,[G4.3.18.11]
1111,[G4.3.18.12]
1112,[G4.3.18.13]
1113,[G4.3.18.14]
1114,[G4.3.18.15]
1115,[G4.3.19.1]
1116,[G4.3.19.2]
1117,[G4.3.19.3]
1118,[G4.3.19.4]
1119,[G4.3.19.5]
1120,[G4.3.19.6]
1121,[G4.3.19.7]
1122,[G4.3.19.8]
1123,[G4.3.19.9]
1124,[G4.3.19.10]
1125,[G4.3.19.11]
1126,[G4.3.19.12]
1127,[G4.3.19.13]
1128,[G4.3.19.14]
1129,[G4.3.19.15]
1130,[G4.3.20.1]
1131,[G4.3.20.2]
1132,[G4.3.20.3]
1133,[G4.3.20.4]
1134,[G4.3.20.5]
1135,[G4.3.20.6]
1136,[G4.3.20.7]
1137,[G4.3.20.8]
1138,[G4.3.20.9]
1139,[G4.3.20.10]
1140,[G4.3.20.11]
1141,[G4.3.20.12]
1142,[G4.3.20.13]
1143,[G4.3.20.14]
1144,[G4.3.20.15]
1145,[G4.3.21.1]
1146,[G4.3.21.2]
1147,[G4.3.21.3]
1148,[G4.3.21.4]
1149,[G4.3.21.5]
1150,[G4.3.21.6]
1151,[G4.3.21.7]
1152,[G4.3.21.8]
1153,[G4.3.21.9]
1154,[G4.3.21.10]
1155,[G4.3.21.11]
1156,[G4.3.21.12]
1157,[G4.3.21.13]
1158,[G4.3.21.14]
1159,[G4.3.21.15]
1160,[G4.3.22.1]
1161,[G4.3.22.2]
1162,[G4.3.22.3]
1163,[G4.3.22.4]
1164,[G4.3.22.5]
1165,[G4.3.22.6]
1166,[G4.3.22.7]
1167,[G4.3.22.8]
1168,[G4.3.22.9]
1169,[G4.3.22.10]
1170,[G4.3.22.11]
1171,[G4.3.22.12]
1172,[G4.3.22.13]
1173,[G4.3.22.14]
1174,[G4.3.22.15]
1175,[G4.3.23.1]
1176,[G4.3.23.2]
1177,[G4.3.23.3]
1178,[G4.3.23.4]
1179,[G4.3.23.5]
1180,[G4.3.23.6]
1181,[G4.3.23.7]
1182,[G4.3.23.8]
1183,[G4.3.23.9]
1184,[G4.3.23.10]
1185,[G4.3.23.11]
1186,[G4.3.23.12]
1187,[G4.3.23.13]
1188,[G4.3.23.14]
1189,[G4.3.23.15]
1190,[G4.3.24.1]
1191,[G4.3.24.2]
1192,[G4.3.24.3]
1193,[G4.3.24.4]
1194,[G4.3.24.5]
1195,[G4.3.24.6]
1196,[G4.3.24.7]
1197,[G4.3.24.8]
1198,[G4.3.24.9]
1199,[G4.3.24.10]
1200,[G4.3.24.11]
1201,[G4.3.24.12]
1202,[G4.3.24.13]
1203,[G4.3.24.14]
1204,[G4.3.24.15]
1205,[G5.1.1.1]
1206,[G5.1.1.2]
1207,[G5.1.1.3]
1208,[G5.1.1.4]
1209,[G5.1.1.5]
1210,[G5.1.1.6]
1211,[G5.1.1.7]
1212,[G5.1.1.8]
1213,[G5.1.1.9]
1214,[G5.1.1.10]
1215,[G5.1.1.11]
1216,[G5.1.1.12]
1217,[G5.1.1.13]
1218,[G5.1.1.14]
1219,[G5.1.1.15]
1220,[G5.1.1.16]
1221,[G5.1.1.17]
1222,[G5.1.1.18]
1223,[G5.1.1.19]
1224,[G5.1.1.20]
1225,[G5.1.1.21]
1226,[G5.1.1.22]
1227,[G5.1.1.23]
1228,[G5.1.1.24]
1229,[G5.1.1.25]
1230,[G5.1.1.26]
1231,[G5.1.1.27]
1232,[G5.1.1.28]
1233,[G5.1.1.29]
1234,[G5.1.1.30]
1235,[G5.1.2.1]
1236,[G5.1.2.2]
1237,[G5.1.2.3]
1238,[G5.1.2.4]
1239,[G5.1.2.5]
1240,[G5.1.2.6]
1241,[G5.1.2.7]
1242,[G5.1.2.8]
1243,[G5.1.2.9]
1244,[G5.1.2.10]
1245,[G5.1.2.11]
1246,[G5.1.2.12]
1247,[G5.1.2.13]
1248,[G5.1.2.14]
1249,[G5.1.2.15]
1250,[G5.1.2.16]
1251,[G5.1.2.17]
1252,[G5.1.2.18]
1253,[G5.1.2.19]
1254,[G5.1.2.20]
1255,[G5.1.2.21]
1256,[G5.1.2.22]
1257,[G5.1.2.23]
1258,[G5.1.2.24]
1259,[G5.1.2.25]
1260,[G5.1.2.26]
1261,[G5.1.2.27]
1262,[G5.1.2.28]
1263,[G5.1.2.29]
1264,[G5.1.2.30]
1265,[G5.1.2.31]
1266,[G5.1.2.32]
1267,[G5.1.2.33]
1268,[G5.1.2.34]
1269,[G5.1.2.35]
1270,[G5.1.2.36]
1271,[G5.1.2.37]
1272,[G5.1.2.38]
1273,[G5.1.2.39]
1274,[G5.1.2.40]
1275,[G5.1.2.41]
1276,[G5.1.2.42]
1277,[G5.1.2.43]
1278,[G5.1.2.44]
1279,[G5.1.2.45]
1280,[G5.1.2.46]
1281,[G5.1.2.47]
1282,[G5.1.2.48]
1283,[G5.1.2.49]
1284,[G5.1.2.50]
1285,[G5.2.1.1]
1286,[G5.2.1.2]
1287,[G5.2.1.3]
1288,[G5.2.1.4]
1289,[G5.2.1.5]
1290,[G5.2.1.6]
1291,[G5.2.1.7]
1292,[G5.2.1.8]
1293,[G5.2.1.9]
1294,[G5.2.1.10]
1295,[G5.2.1.11]
1296,[G5.2.1.12]
1297,[G5.2.1.13]
1298,[G5.2.1.14]
1299,[G5.2.1.15]
1300,[G5.2.1.16]
1301,[G5.2.1.17]
1302,[G5.2.1.18]
1303,[G5.2.1.19]
1304,[G5.2.1.20]
1305,[G5.2.1.21]
1306,[G5.2.1.22]
1307,[G5.2.1.23]
1308,[G5.2.1.24]
1309,[G5.2.1.25]
1310,[G5.2.1.26]
1311,[G5.2.1.27]
1312,[G5.2.1.28]
1313,[G5.2.1.29]
1314,[G5.2.1.30]
1315,[G5.2.2.1]
1316,[G5.2.2.2]
1317,[G5.2.2.3]
1318,[G5.2.2.4]
1319,[G5.2.2.5]
1320,[G5.2.2.6]
1321,[G5.2.2.7]
1322,[G5.2.2.8]
1323,[G5.2.2.9]
1324,[G5.2.2.10]
1325,[G5.2.2.11]
1326,[G5.2.2.12]
1327,[G5.2.2.13]
1328,[G5.2.2.14]
1329,[G5.2.2.15]
1330,[G5.2.2.16]
1331,[G5.2.2.17]
1332,[G5.2.2.18]
1333,[G5.2.2.19]
1334,[G5.2.2.20]
1335,[G5.2.2.21]
1336,[G5.2.2.22]
1337,[G5.2.2.23]
1338,[G5.2.2.24]
1339,[G5.2.2.25]
1340,[G5.2.2.26]
1341,[G5.2.2.27]
1342,[G5.2.2.28]
1343,[G5.2.2.29]
1344,[G5.2.2.30]
1345,[G5.2.2.31]
1346,[G5.2.2.32]
1347,[G5.2.2.33]
1348,[G5.2.2.34]
1349,[G5.2.2.35]
1350,[G5.2.2.36]
1351,[G5.2.2.37]
1352,[G5.2.2.38]
1353,[G5.2.2.39]
1354,[G5.2.2.40]
1355,[G5.2.2.41]
1356,[G5.2.2.42]
1357,[G5.2.2.43]
1358,[G5.2.2.44]
1359,[G5.2.2.45]
1360,[G5.2.2.46]
1361,[G5.2.2.47]
1362,[G5.2.2.48]
1363,[G5.2.2.49]
1364,[G5.2.2.50]
1365,[G7.1.1.1]
1366,[G7.1.1.2]
1367,[G7.1.1.3]
1368,[G7.1.1.4]
1369,[G7.1.1.5]
1370,[G7.1.1.6]
1371,[G7.1.1.7]
1372,[G7.1.1.8]
1373,[G7.1.1.9]
1374,[G7.1.1.10]
1375,[G7.1.1.11]
1376,[G7.1.1.12]
1377,[G7.1.1.13]
1378,[G7.1.1.14]
1379,[G7.1.1.15]
1380,[G7.1.1.16]
1381,[G7.1.1.17]
1382,[G7.1.1.18]
1383,[G7.1.1.19]
1384,[G7.1.1.20]
1385,[G7.1.1.21]
1386,[G7.1.1.22]
1387,[G7.1.1.23]
1388,[G7.1.1.24]
1389,[G7.1.1.25]
1390,[G7.1.1.26]
1391,[G7.1.1.27]
1392,[G7.1.1.28]
1393,[G7.1.1.29]
1394,[G7.1.1.30]
1395,[G7.1.1.31]
1396,[G7.1.1.32]
1397,[G7.1.1.33]
1398,[G7.1.1.34]
1399,[G7.1.1.35]
1400,[G7.1.1.36]
1401,[G7.1.1.37]
1402,[G7.1.1.38]
1403,[G7.1.1.39]
1404,[G7.1.1.40]
1405,[G7.1.1.41]
1406,[G7.1.1.42]
1407,[G7.1.1.43]
1408,[G7.1.1.44]
1409,[G7.1.1.45]
1410,[G7.1.1.46]
1411,[G7.1.1.47]
1412,[G7.1.1.48]
1413,[G7.1.1.49]
1414,[G7.1.1.50]
1415,[G7.1.1.51]
1416,[G7.1.1.52]
1417,[G7.1.1.53]
1418,[G7.1.1.54]
1419,[G7.1.1.55]
1420,[G7.1.1.56]
1421,[G7.1.1.57]
1422,[G7.1.1.58]
1423,[G7.1.1.59]
1424,[G7.1.1.60]
1425,[G7.1.1.61]
1426,[G7.1.1.62]
1427,[G7.1.1.63]
1428,[G7.1.1.64]
1429,[G7.1.1.65]
1430,[G7.1.1.66]
1431,[G7.1.1.67]
1432,[G7.1.1.68]
1433,[G7.1.1.69]
1434,[G7.1.1.70]
1435,[G7.1.1.71]
1436,[G7.1.1.72]
1437,[G7.1.1.73]
1438,[G7.1.1.74]
1439,[G7.1.1.75]
1440,[G7.1.1.76]
1441,[G7.1.1.77]
1442,[G7.1.1.78]
1443,[G7.1.1.79]
1444,[G7.1.1.80]
1445,[G9.1]
1446,[G9.2]
1447,[G9.3]
1448,length
1449,weight
1450,pI
1451,A Total
1452,A Percent
1453,R Total
1454,R Percent
1455,N Total
1456,N Percent
1457,D Total
1458,D Percent
1459,C Total
1460,C Percent
1461,Q Total
1462,Q Percent
1463,E Total
1464,E Percent
1465,G Total
1466,G Percent
1467,H Total
1468,H Percent
1469,I Total
1470,I Percent
1471,L Total
1472,L Percent
1473,K Total
1474,K Percent
1475,M Total
1476,M Percent
1477,F Total
1478,F Percent
1479,P Total
1480,P Percent
1481,S Total
1482,S Percent
1483,T Total
1484,T Percent
1485,W Total
1486,W Percent
1487,Y Total
1488,Y Percent
1489,V Total
1490,V Percent
1491,totalNeg
1492,totalPos
1493,percentNeg
1494,percentPos
1495,carbon
1496,hydrogen
1497,nitrogen
1498,oxygen
1499,sulfur
1500,totalAtoms
1501,percentCarbon
1502,percentHydrogen
1503,percentNitrogen
1504,percentOxygen
1505,percentSulfur
1506,ec1
1507,ec1abs
1508,ec2
1509,ec2abs
1510,halflife
1511,ii
1512,ai
1513,gravy
1514,tinyTotal
1515,tinyPercent
1516,smallTotal
1517,smallPercent
1518,aliphaticTotal
1519,aliphaticPercent
1520,nonpolarTotal
1521,nonpolarPercent
1522,aromaticTotal
1523,aromaticPercent
1524,polarTotal
1525,polarPercent
1526,chargedTotal
1527,chargedPercent
1528,basicTotal
1529,basicPercent
1530,acidicTotal
1531,acidicPercent
1532,hydrophobicTotal
1533,hydrophobicPercent
1534,hydrophilicTotal
1535,hydrophilicPercent
1536,helical
1537,beta
1538,coil
1539,veryBuried
1540,veryExposed
1541,someBuried
1542,someExposed
1543,hydrophobic
1544,hydrophilic
1545,hydrophatyIndex
1546,aliphatic
1547,aromatic
1548,pocket_sulfur
1549,hydroxyl
1550,basic
1551,acidic
1552,amide
1553,posCharge
1554,negCharge
1555,hBondDonor
1556,hBondAcceptor
1557,hBondDonorAcceptor
1558,polar
1559,ionizable
1560,atoms
1561,atomDensity
1562,atomC
1563,atomO
1564,atomN
1565,hDonorAtoms
1566,hAcceptorAtoms
1567,vsAromatic
1568,vsCation
1569,vsAnion
1570,vsHydrophobic
1571,vsAcceptor
1572,vsDonor
1573,protrusion
1574,x
1575,y
1576,z
1577,apRawValids
1578,apRawInvalids
1579,atomicHydrophobicity
1580,@@class@@
1581,MW
1582,AMW
1583,Sv
1584,Se
1585,Sp
1586,Si
1587,Mv
1588,Me
1589,Mp
1590,Mi
1591,GD
1592,nAT
1593,nSK
1594,nTA
1595,nBT
1596,nBO
1597,nBM
1598,SCBO
1599,RBN
1600,RBF
1601,nDB
1602,nTB
1603,nAB
1604,nH
1605,nC
1606,nN
1607,nO
1608,nP
1609,nS
1610,nF
1611,nCL
1612,nBR
1613,nI
1614,nB
1615,nHM
1616,nHet
1617,nX
1618,H%
1619,C%
1620,N%
1621,O%
1622,X%
1623,nCsp3
1624,nCsp2
1625,nCsp
1626,nStructures
1627,totalcharge
1628,nCIC
1629,nCIR
1630,TRS
1631,Rperim
1632,Rbrid
1633,MCD
1634,RFD
1635,RCI
1636,NRS
1637,NNRS
1638,nR03
1639,nR04
1640,nR05
1641,nR06
1642,nR07
1643,nR08
1644,nR09
1645,nR10
1646,nR11
1647,nR12
1648,nBnz
1649,ARR
1650,D_Dtr03
1651,D_Dtr04
1652,D_Dtr05
1653,D_Dtr06
1654,D_Dtr07
1655,D_Dtr08
1656,D_Dtr09
1657,D_Dtr10
1658,D_Dtr11
1659,D_Dtr12
1660,ZM1
1661,ZM1V
1662,ZM1Kup
1663,ZM1Mad
1664,ZM1Per
1665,ZM1MulPer
1666,ZM2
1667,ZM2V
1668,ZM2Kup
1669,ZM2Mad
1670,ZM2Per
1671,ZM2MulPer
1672,ON0
1673,ON0V
1674,ON1
1675,ON1V
1676,Qindex
1677,BBI
1678,DBI
1679,SNar
1680,HNar
1681,GNar
1682,Xt
1683,Dz
1684,Ram
1685,BLI
1686,Pol
1687,LPRS
1688,MSD
1689,SPI
1690,PJI2
1691,ECC
1692,AECC
1693,DECC
1694,MDDD
1695,UNIP
1696,CENT
1697,VAR
1698,ICR
1699,SMTI
1700,SMTIV
1701,GMTI
1702,GMTIV
1703,Xu
1704,CSI
1705,Wap
1706,S1K
1707,S2K
1708,S3K
1709,PHI
1710,PW2
1711,PW3
1712,PW4
1713,PW5
1714,MAXDN
1715,MAXDP
1716,DELS
1717,TIE
1718,Psi_i_s
1719,Psi_i_A
1720,Psi_i_0
1721,Psi_i_1
1722,Psi_i_t
1723,Psi_i_0d
1724,Psi_i_1d
1725,Psi_i_1s
1726,Psi_e_A
1727,Psi_e_0
1728,Psi_e_1
1729,Psi_e_t
1730,Psi_e_0d
1731,BAC
1732,LOC
1733,MWC01
1734,MWC02
1735,MWC03
1736,MWC04
1737,MWC05
1738,MWC06
1739,MWC07
1740,MWC08
1741,MWC09
1742,MWC10
1743,SRW02
1744,SRW03
1745,SRW04
1746,SRW05
1747,SRW06
1748,SRW07
1749,SRW08
1750,SRW09
1751,SRW10
1752,MPC01
1753,MPC02
1754,MPC03
1755,MPC04
1756,MPC05
1757,MPC06
1758,MPC07
1759,MPC08
1760,MPC09
1761,MPC10
1762,piPC01
1763,piPC02
1764,piPC03
1765,piPC04
1766,piPC05
1767,piPC06
1768,piPC07
1769,piPC08
1770,piPC09
1771,piPC10
1772,TWC
1773,TPC
1774,piID
1775,PCR
1776,PCD
1777,CID
1778,BID
1779,X0
1780,X1
1781,X2
1782,X3
1783,X4
1784,X5
1785,X0A
1786,X1A
1787,X2A
1788,X3A
1789,X4A
1790,X5A
1791,X0v
1792,X1v
1793,X2v
1794,X3v
1795,X4v
1796,X5v
1797,X0Av
1798,X1Av
1799,X2Av
1800,X3Av
1801,X4Av
1802,X5Av
1803,X0sol
1804,X1sol
1805,X2sol
1806,X3sol
1807,X4sol
1808,X5sol
1809,XMOD
1810,RDCHI
1811,RDSQ
1812,X1Kup
1813,X1Mad
1814,X1Per
1815,X1MulPer
1816,ISIZ
1817,IAC
1818,AAC
1819,IDE
1820,IDM
1821,IDDE
1822,IDDM
1823,IDET
1824,IDMT
1825,IVDE
1826,IVDM
1827,Ges
1828,rGes
1829,S0K
1830,HVcpx
1831,HDcpx
1832,Uindex
1833,Vindex
1834,Xindex
1835,Yindex
1836,IC0
1837,IC1
1838,IC2
1839,IC3
1840,IC4
1841,IC5
1842,TIC0
1843,TIC1
1844,TIC2
1845,TIC3
1846,TIC4
1847,TIC5
1848,SIC0
1849,SIC1
1850,SIC2
1851,SIC3
1852,SIC4
1853,SIC5
1854,CIC0
1855,CIC1
1856,CIC2
1857,CIC3
1858,CIC4
1859,CIC5
1860,BIC0
1861,BIC1
1862,BIC2
1863,BIC3
1864,BIC4
1865,BIC5
1866,J_A
1867,SpPos_A
1868,SpPosA_A
1869,SpPosLog_A
1870,SpMax_A
1871,SpMaxA_A
1872,SpDiam_A
1873,SpAD_A
1874,SpMAD_A
1875,Ho_A
1876,EE_A
1877,VE1_A
1878,VE2_A
1879,VE3_A
1880,VE1sign_A
1881,VE2sign_A
1882,VE3sign_A
1883,VR1_A
1884,VR2_A
1885,VR3_A
1886,Wi_D
1887,WiA_D
1888,AVS_D
1889,H_D
1890,Chi_D
1891,ChiA_D
1892,J_D
1893,HyWi_D
1894,SpPos_D
1895,SpPosA_D
1896,SpPosLog_D
1897,SpMax_D
1898,SpMaxA_D
1899,SpDiam_D
1900,SpAD_D
1901,SpMAD_D
1902,Ho_D
1903,EE_D
1904,SM2_D
1905,SM3_D
1906,SM4_D
1907,SM5_D
1908,SM6_D
1909,VE1_D
1910,VE2_D
1911,VE3_D
1912,VE1sign_D
1913,VE2sign_D
1914,VE3sign_D
1915,VR1_D
1916,VR2_D
1917,VR3_D
1918,QW_L
1919,TI1_L
1920,TI2_L
1921,STN_L
1922,SpPos_L
1923,SpPosA_L
1924,SpPosLog_L
1925,SpMax_L
1926,SpMaxA_L
1927,SpDiam_L
1928,SpAD_L
1929,SpMAD_L
1930,Ho_L
1931,EE_L
1932,SM2_L
1933,SM3_L
1934,SM4_L
1935,SM5_L
1936,SM6_L
1937,VE1_L
1938,VE2_L
1939,VE3_L
1940,VE1sign_L
1941,VE2sign_L
1942,VE3sign_L
1943,VR1_L
1944,VR2_L
1945,VR3_L
1946,AVS_X
1947,H_X
1948,Chi_X
1949,ChiA_X
1950,J_X
1951,HyWi_X
1952,SpPos_X
1953,SpPosA_X
1954,SpPosLog_X
1955,SpMax_X
1956,SpMaxA_X
1957,SpDiam_X
1958,SpAD_X
1959,SpMAD_X
1960,Ho_X
1961,EE_X
1962,SM2_X
1963,SM3_X
1964,SM4_X
1965,SM5_X
1966,SM6_X
1967,VE1_X
1968,VE2_X
1969,VE3_X
1970,VE1sign_X
1971,VE2sign_X
1972,VE3sign_X
1973,VR1_X
1974,VR2_X
1975,VR3_X
1976,Wi_H2
1977,WiA_H2
1978,AVS_H2
1979,Chi_H2
1980,ChiA_H2
1981,J_H2
1982,HyWi_H2
1983,SpPos_H2
1984,SpPosA_H2
1985,SpPosLog_H2
1986,SpMax_H2
1987,SpMaxA_H2
1988,SpDiam_H2
1989,SpAD_H2
1990,SpMAD_H2
1991,Ho_H2
1992,EE_H2
1993,SM2_H2
1994,SM3_H2
1995,SM4_H2
1996,SM5_H2
1997,SM6_H2
1998,VE1_H2
1999,VE2_H2
2000,VE3_H2
2001,VE1sign_H2
2002,VE2sign_H2
2003,VE3sign_H2
2004,VR1_H2
2005,VR2_H2
2006,VR3_H2
2007,Wi_Dt
2008,WiA_Dt
2009,AVS_Dt
2010,H_Dt
2011,Chi_Dt
2012,ChiA_Dt
2013,J_Dt
2014,HyWi_Dt
2015,SpPos_Dt
2016,SpPosA_Dt
2017,SpPosLog_Dt
2018,SpMax_Dt
2019,SpMaxA_Dt
2020,SpDiam_Dt
2021,SpAD_Dt
2022,SpMAD_Dt
2023,Ho_Dt
2024,EE_Dt
2025,SM2_Dt
2026,SM3_Dt
2027,SM4_Dt
2028,SM5_Dt
2029,SM6_Dt
2030,VE1_Dt
2031,VE2_Dt
2032,VE3_Dt
2033,VE1sign_Dt
2034,VE2sign_Dt
2035,VE3sign_Dt
2036,VR1_Dt
2037,VR2_Dt
2038,VR3_Dt
2039,Wi_D_Dt
2040,WiA_D_Dt
2041,AVS_D_Dt
2042,H_D_Dt
2043,Chi_D_Dt
2044,ChiA_D_Dt
2045,J_D_Dt
2046,HyWi_D_Dt
2047,SpPos_D_Dt
2048,SpPosA_D_Dt
2049,SpPosLog_D_Dt
2050,SpMax_D_Dt
2051,SpMaxA_D_Dt
2052,SpDiam_D_Dt
2053,SpAD_D_Dt
2054,SpMAD_D_Dt
2055,Ho_D_Dt
2056,EE_D_Dt
2057,SM2_D_Dt
2058,SM3_D_Dt
2059,SM4_D_Dt
2060,SM5_D_Dt
2061,SM6_D_Dt
2062,VE1_D_Dt
2063,VE2_D_Dt
2064,VE3_D_Dt
2065,VE1sign_D_Dt
2066,VE2sign_D_Dt
2067,VE3sign_D_Dt
2068,VR1_D_Dt
2069,VR2_D_Dt
2070,VR3_D_Dt
2071,Wi_Dz(Z)
2072,WiA_Dz(Z)
2073,AVS_Dz(Z)
2074,H_Dz(Z)
2075,Chi_Dz(Z)
2076,ChiA_Dz(Z)
2077,J_Dz(Z)
2078,HyWi_Dz(Z)
2079,SpAbs_Dz(Z)
2080,SpPos_Dz(Z)
2081,SpPosA_Dz(Z)
2082,SpPosLog_Dz(Z)
2083,SpMax_Dz(Z)
2084,SpMaxA_Dz(Z)
2085,SpDiam_Dz(Z)
2086,SpAD_Dz(Z)
2087,SpMAD_Dz(Z)
2088,Ho_Dz(Z)
2089,EE_Dz(Z)
2090,SM1_Dz(Z)
2091,SM2_Dz(Z)
2092,SM3_Dz(Z)
2093,SM4_Dz(Z)
2094,SM5_Dz(Z)
2095,SM6_Dz(Z)
2096,VE1_Dz(Z)
2097,VE2_Dz(Z)
2098,VE3_Dz(Z)
2099,VE1sign_Dz(Z)
2100,VE2sign_Dz(Z)
2101,VE3sign_Dz(Z)
2102,VR1_Dz(Z)
2103,VR2_Dz(Z)
2104,VR3_Dz(Z)
2105,Wi_Dz(m)
2106,WiA_Dz(m)
2107,AVS_Dz(m)
2108,H_Dz(m)
2109,Chi_Dz(m)
2110,ChiA_Dz(m)
2111,J_Dz(m)
2112,HyWi_Dz(m)
2113,SpAbs_Dz(m)
2114,SpPos_Dz(m)
2115,SpPosA_Dz(m)
2116,SpPosLog_Dz(m)
2117,SpMax_Dz(m)
2118,SpMaxA_Dz(m)
2119,SpDiam_Dz(m)
2120,SpAD_Dz(m)
2121,SpMAD_Dz(m)
2122,Ho_Dz(m)
2123,EE_Dz(m)
2124,SM1_Dz(m)
2125,SM2_Dz(m)
2126,SM3_Dz(m)
2127,SM4_Dz(m)
2128,SM5_Dz(m)
2129,SM6_Dz(m)
2130,VE1_Dz(m)
2131,VE2_Dz(m)
2132,VE3_Dz(m)
2133,VE1sign_Dz(m)
2134,VE2sign_Dz(m)
2135,VE3sign_Dz(m)
2136,VR1_Dz(m)
2137,VR2_Dz(m)
2138,VR3_Dz(m)
2139,Wi_Dz(v)
2140,WiA_Dz(v)
2141,AVS_Dz(v)
2142,H_Dz(v)
2143,Chi_Dz(v)
2144,ChiA_Dz(v)
2145,J_Dz(v)
2146,HyWi_Dz(v)
2147,SpAbs_Dz(v)
2148,SpPos_Dz(v)
2149,SpPosA_Dz(v)
2150,SpPosLog_Dz(v)
2151,SpMax_Dz(v)
2152,SpMaxA_Dz(v)
2153,SpDiam_Dz(v)
2154,SpAD_Dz(v)
2155,SpMAD_Dz(v)
2156,Ho_Dz(v)
2157,EE_Dz(v)
2158,SM1_Dz(v)
2159,SM2_Dz(v)
2160,SM3_Dz(v)
2161,SM4_Dz(v)
2162,SM5_Dz(v)
2163,SM6_Dz(v)
2164,VE1_Dz(v)
2165,VE2_Dz(v)
2166,VE3_Dz(v)
2167,VE1sign_Dz(v)
2168,VE2sign_Dz(v)
2169,VE3sign_Dz(v)
2170,VR1_Dz(v)
2171,VR2_Dz(v)
2172,VR3_Dz(v)
2173,Wi_Dz(e)
2174,WiA_Dz(e)
2175,AVS_Dz(e)
2176,H_Dz(e)
2177,Chi_Dz(e)
2178,ChiA_Dz(e)
2179,J_Dz(e)
2180,HyWi_Dz(e)
2181,SpAbs_Dz(e)
2182,SpPos_Dz(e)
2183,SpPosA_Dz(e)
2184,SpPosLog_Dz(e)
2185,SpMax_Dz(e)
2186,SpMaxA_Dz(e)
2187,SpDiam_Dz(e)
2188,SpAD_Dz(e)
2189,SpMAD_Dz(e)
2190,Ho_Dz(e)
2191,EE_Dz(e)
2192,SM1_Dz(e)
2193,SM2_Dz(e)
2194,SM3_Dz(e)
2195,SM4_Dz(e)
2196,SM5_Dz(e)
2197,SM6_Dz(e)
2198,VE1_Dz(e)
2199,VE2_Dz(e)
2200,VE3_Dz(e)
2201,VE1sign_Dz(e)
2202,VE2sign_Dz(e)
2203,VE3sign_Dz(e)
2204,VR1_Dz(e)
2205,VR2_Dz(e)
2206,VR3_Dz(e)
2207,Wi_Dz(p)
2208,WiA_Dz(p)
2209,AVS_Dz(p)
2210,H_Dz(p)
2211,Chi_Dz(p)
2212,ChiA_Dz(p)
2213,J_Dz(p)
2214,HyWi_Dz(p)
2215,SpAbs_Dz(p)
2216,SpPos_Dz(p)
2217,SpPosA_Dz(p)
2218,SpPosLog_Dz(p)
2219,SpMax_Dz(p)
2220,SpMaxA_Dz(p)
2221,SpDiam_Dz(p)
2222,SpAD_Dz(p)
2223,SpMAD_Dz(p)
2224,Ho_Dz(p)
2225,EE_Dz(p)
2226,SM1_Dz(p)
2227,SM2_Dz(p)
2228,SM3_Dz(p)
2229,SM4_Dz(p)
2230,SM5_Dz(p)
2231,SM6_Dz(p)
2232,VE1_Dz(p)
2233,VE2_Dz(p)
2234,VE3_Dz(p)
2235,VE1sign_Dz(p)
2236,VE2sign_Dz(p)
2237,VE3sign_Dz(p)
2238,VR1_Dz(p)
2239,VR2_Dz(p)
2240,VR3_Dz(p)
2241,Wi_Dz(i)
2242,WiA_Dz(i)
2243,AVS_Dz(i)
2244,H_Dz(i)
2245,Chi_Dz(i)
2246,ChiA_Dz(i)
2247,J_Dz(i)
2248,HyWi_Dz(i)
2249,SpAbs_Dz(i)
2250,SpPos_Dz(i)
2251,SpPosA_Dz(i)
2252,SpPosLog_Dz(i)
2253,SpMax_Dz(i)
2254,SpMaxA_Dz(i)
2255,SpDiam_Dz(i)
2256,SpAD_Dz(i)
2257,SpMAD_Dz(i)
2258,Ho_Dz(i)
2259,EE_Dz(i)
2260,SM1_Dz(i)
2261,SM2_Dz(i)
2262,SM3_Dz(i)
2263,SM4_Dz(i)
2264,SM5_Dz(i)
2265,SM6_Dz(i)
2266,VE1_Dz(i)
2267,VE2_Dz(i)
2268,VE3_Dz(i)
2269,VE1sign_Dz(i)
2270,VE2sign_Dz(i)
2271,VE3sign_Dz(i)
2272,VR1_Dz(i)
2273,VR2_Dz(i)
2274,VR3_Dz(i)
2275,Wi_B(m)
2276,WiA_B(m)
2277,AVS_B(m)
2278,Chi_B(m)
2279,ChiA_B(m)
2280,J_B(m)
2281,HyWi_B(m)
2282,SpAbs_B(m)
2283,SpPos_B(m)
2284,SpPosA_B(m)
2285,SpPosLog_B(m)
2286,SpMax_B(m)
2287,SpMaxA_B(m)
2288,SpDiam_B(m)
2289,SpAD_B(m)
2290,SpMAD_B(m)
2291,Ho_B(m)
2292,EE_B(m)
2293,SM1_B(m)
2294,SM2_B(m)
2295,SM3_B(m)
2296,SM4_B(m)
2297,SM5_B(m)
2298,SM6_B(m)
2299,VE1_B(m)
2300,VE2_B(m)
2301,VE3_B(m)
2302,VE1sign_B(m)
2303,VE2sign_B(m)
2304,VE3sign_B(m)
2305,VR1_B(m)
2306,VR2_B(m)
2307,VR3_B(m)
2308,Wi_B(v)
2309,WiA_B(v)
2310,AVS_B(v)
2311,Chi_B(v)
2312,ChiA_B(v)
2313,J_B(v)
2314,HyWi_B(v)
2315,SpAbs_B(v)
2316,SpPos_B(v)
2317,SpPosA_B(v)
2318,SpPosLog_B(v)
2319,SpMax_B(v)
2320,SpMaxA_B(v)
2321,SpDiam_B(v)
2322,SpAD_B(v)
2323,SpMAD_B(v)
2324,Ho_B(v)
2325,EE_B(v)
2326,SM1_B(v)
2327,SM2_B(v)
2328,SM3_B(v)
2329,SM4_B(v)
2330,SM5_B(v)
2331,SM6_B(v)
2332,VE1_B(v)
2333,VE2_B(v)
2334,VE3_B(v)
2335,VE1sign_B(v)
2336,VE2sign_B(v)
2337,VE3sign_B(v)
2338,VR1_B(v)
2339,VR2_B(v)
2340,VR3_B(v)
2341,Wi_B(e)
2342,WiA_B(e)
2343,AVS_B(e)
2344,Chi_B(e)
2345,ChiA_B(e)
2346,J_B(e)
2347,HyWi_B(e)
2348,SpAbs_B(e)
2349,SpPos_B(e)
2350,SpPosA_B(e)
2351,SpPosLog_B(e)
2352,SpMax_B(e)
2353,SpMaxA_B(e)
2354,SpDiam_B(e)
2355,SpAD_B(e)
2356,SpMAD_B(e)
2357,Ho_B(e)
2358,EE_B(e)
2359,SM1_B(e)
2360,SM2_B(e)
2361,SM3_B(e)
2362,SM4_B(e)
2363,SM5_B(e)
2364,SM6_B(e)
2365,VE1_B(e)
2366,VE2_B(e)
2367,VE3_B(e)
2368,VE1sign_B(e)
2369,VE2sign_B(e)
2370,VE3sign_B(e)
2371,VR1_B(e)
2372,VR2_B(e)
2373,VR3_B(e)
2374,Wi_B(p)
2375,WiA_B(p)
2376,AVS_B(p)
2377,Chi_B(p)
2378,ChiA_B(p)
2379,J_B(p)
2380,HyWi_B(p)
2381,SpAbs_B(p)
2382,SpPos_B(p)
2383,SpPosA_B(p)
2384,SpPosLog_B(p)
2385,SpMax_B(p)
2386,SpMaxA_B(p)
2387,SpDiam_B(p)
2388,SpAD_B(p)
2389,SpMAD_B(p)
2390,Ho_B(p)
2391,EE_B(p)
2392,SM1_B(p)
2393,SM2_B(p)
2394,SM3_B(p)
2395,SM4_B(p)
2396,SM5_B(p)
2397,SM6_B(p)
2398,VE1_B(p)
2399,VE2_B(p)
2400,VE3_B(p)
2401,VE1sign_B(p)
2402,VE2sign_B(p)
2403,VE3sign_B(p)
2404,VR1_B(p)
2405,VR2_B(p)
2406,VR3_B(p)
2407,Wi_B(i)
2408,WiA_B(i)
2409,AVS_B(i)
2410,Chi_B(i)
2411,ChiA_B(i)
2412,J_B(i)
2413,HyWi_B(i)
2414,SpAbs_B(i)
2415,SpPos_B(i)
2416,SpPosA_B(i)
2417,SpPosLog_B(i)
2418,SpMax_B(i)
2419,SpMaxA_B(i)
2420,SpDiam_B(i)
2421,SpAD_B(i)
2422,SpMAD_B(i)
2423,Ho_B(i)
2424,EE_B(i)
2425,SM1_B(i)
2426,SM2_B(i)
2427,SM3_B(i)
2428,SM4_B(i)
2429,SM5_B(i)
2430,SM6_B(i)
2431,VE1_B(i)
2432,VE2_B(i)
2433,VE3_B(i)
2434,VE1sign_B(i)
2435,VE2sign_B(i)
2436,VE3sign_B(i)
2437,VR1_B(i)
2438,VR2_B(i)
2439,VR3_B(i)
2440,Wi_B(s)
2441,WiA_B(s)
2442,AVS_B(s)
2443,Chi_B(s)
2444,ChiA_B(s)
2445,J_B(s)
2446,HyWi_B(s)
2447,SpAbs_B(s)
2448,SpPos_B(s)
2449,SpPosA_B(s)
2450,SpPosLog_B(s)
2451,SpMax_B(s)
2452,SpMaxA_B(s)
2453,SpDiam_B(s)
2454,SpAD_B(s)
2455,SpMAD_B(s)
2456,Ho_B(s)
2457,EE_B(s)
2458,SM1_B(s)
2459,SM2_B(s)
2460,SM3_B(s)
2461,SM4_B(s)
2462,SM5_B(s)
2463,SM6_B(s)
2464,VE1_B(s)
2465,VE2_B(s)
2466,VE3_B(s)
2467,VE1sign_B(s)
2468,VE2sign_B(s)
2469,VE3sign_B(s)
2470,VR1_B(s)
2471,VR2_B(s)
2472,VR3_B(s)
2473,ATS1m
2474,ATS2m
2475,ATS3m
2476,ATS4m
2477,ATS5m
2478,ATS6m
2479,ATS7m
2480,ATS8m
2481,ATS1v
2482,ATS2v
2483,ATS3v
2484,ATS4v
2485,ATS5v
2486,ATS6v
2487,ATS7v
2488,ATS8v
2489,ATS1e
2490,ATS2e
2491,ATS3e
2492,ATS4e
2493,ATS5e
2494,ATS6e
2495,ATS7e
2496,ATS8e
2497,ATS1p
2498,ATS2p
2499,ATS3p
2500,ATS4p
2501,ATS5p
2502,ATS6p
2503,ATS7p
2504,ATS8p
2505,ATS1i
2506,ATS2i
2507,ATS3i
2508,ATS4i
2509,ATS5i
2510,ATS6i
2511,ATS7i
2512,ATS8i
2513,ATS1s
2514,ATS2s
2515,ATS3s
2516,ATS4s
2517,ATS5s
2518,ATS6s
2519,ATS7s
2520,ATS8s
2521,ATSC1m
2522,ATSC2m
2523,ATSC3m
2524,ATSC4m
2525,ATSC5m
2526,ATSC6m
2527,ATSC7m
2528,ATSC8m
2529,ATSC1v
2530,ATSC2v
2531,ATSC3v
2532,ATSC4v
2533,ATSC5v
2534,ATSC6v
2535,ATSC7v
2536,ATSC8v
2537,ATSC1e
2538,ATSC2e
2539,ATSC3e
2540,ATSC4e
2541,ATSC5e
2542,ATSC6e
2543,ATSC7e
2544,ATSC8e
2545,ATSC1p
2546,ATSC2p
2547,ATSC3p
2548,ATSC4p
2549,ATSC5p
2550,ATSC6p
2551,ATSC7p
2552,ATSC8p
2553,ATSC1i
2554,ATSC2i
2555,ATSC3i
2556,ATSC4i
2557,ATSC5i
2558,ATSC6i
2559,ATSC7i
2560,ATSC8i
2561,ATSC1s
2562,ATSC2s
2563,ATSC3s
2564,ATSC4s
2565,ATSC5s
2566,ATSC6s
2567,ATSC7s
2568,ATSC8s
2569,MATS1m
2570,MATS2m
2571,MATS3m
2572,MATS4m
2573,MATS5m
2574,MATS6m
2575,MATS7m
2576,MATS8m
2577,MATS1v
2578,MATS2v
2579,MATS3v
2580,MATS4v
2581,MATS5v
2582,MATS6v
2583,MATS7v
2584,MATS8v
2585,MATS1e
2586,MATS2e
2587,MATS3e
2588,MATS4e
2589,MATS5e
2590,MATS6e
2591,MATS7e
2592,MATS8e
2593,MATS1p
2594,MATS2p
2595,MATS3p
2596,MATS4p
2597,MATS5p
2598,MATS6p
2599,MATS7p
2600,MATS8p
2601,MATS1i
2602,MATS2i
2603,MATS3i
2604,MATS4i
2605,MATS5i
2606,MATS6i
2607,MATS7i
2608,MATS8i
2609,MATS1s
2610,MATS2s
2611,MATS3s
2612,MATS4s
2613,MATS5s
2614,MATS6s
2615,MATS7s
2616,MATS8s
2617,GATS1m
2618,GATS2m
2619,GATS3m
2620,GATS4m
2621,GATS5m
2622,GATS6m
2623,GATS7m
2624,GATS8m
2625,GATS1v
2626,GATS2v
2627,GATS3v
2628,GATS4v
2629,GATS5v
2630,GATS6v
2631,GATS7v
2632,GATS8v
2633,GATS1e
2634,GATS2e
2635,GATS3e
2636,GATS4e
2637,GATS5e
2638,GATS6e
2639,GATS7e
2640,GATS8e
2641,GATS1p
2642,GATS2p
2643,GATS3p
2644,GATS4p
2645,GATS5p
2646,GATS6p
2647,GATS7p
2648,GATS8p
2649,GATS1i
2650,GATS2i
2651,GATS3i
2652,GATS4i
2653,GATS5i
2654,GATS6i
2655,GATS7i
2656,GATS8i
2657,GATS1s
2658,GATS2s
2659,GATS3s
2660,GATS4s
2661,GATS5s
2662,GATS6s
2663,GATS7s
2664,GATS8s
2665,GGI1
2666,GGI2
2667,GGI3
2668,GGI4
2669,GGI5
2670,GGI6
2671,GGI7
2672,GGI8
2673,GGI9
2674,GGI10
2675,JGI1
2676,JGI2
2677,JGI3
2678,JGI4
2679,JGI5
2680,JGI6
2681,JGI7
2682,JGI8
2683,JGI9
2684,JGI10
2685,JGT
2686,SpMax1_Bh(m)
2687,SpMax2_Bh(m)
2688,SpMax3_Bh(m)
2689,SpMax4_Bh(m)
2690,SpMax5_Bh(m)
2691,SpMax6_Bh(m)
2692,SpMax7_Bh(m)
2693,SpMax8_Bh(m)
2694,SpMax1_Bh(v)
2695,SpMax2_Bh(v)
2696,SpMax3_Bh(v)
2697,SpMax4_Bh(v)
2698,SpMax5_Bh(v)
2699,SpMax6_Bh(v)
2700,SpMax7_Bh(v)
2701,SpMax8_Bh(v)
2702,SpMax1_Bh(e)
2703,SpMax2_Bh(e)
2704,SpMax3_Bh(e)
2705,SpMax4_Bh(e)
2706,SpMax5_Bh(e)
2707,SpMax6_Bh(e)
2708,SpMax7_Bh(e)
2709,SpMax8_Bh(e)
2710,SpMax1_Bh(p)
2711,SpMax2_Bh(p)
2712,SpMax3_Bh(p)
2713,SpMax4_Bh(p)
2714,SpMax5_Bh(p)
2715,SpMax6_Bh(p)
2716,SpMax7_Bh(p)
2717,SpMax8_Bh(p)
2718,SpMax1_Bh(i)
2719,SpMax2_Bh(i)
2720,SpMax3_Bh(i)
2721,SpMax4_Bh(i)
2722,SpMax5_Bh(i)
2723,SpMax6_Bh(i)
2724,SpMax7_Bh(i)
2725,SpMax8_Bh(i)
2726,SpMax1_Bh(s)
2727,SpMax2_Bh(s)
2728,SpMax3_Bh(s)
2729,SpMax4_Bh(s)
2730,SpMax5_Bh(s)
2731,SpMax6_Bh(s)
2732,SpMax7_Bh(s)
2733,SpMax8_Bh(s)
2734,SpMin1_Bh(m)
2735,SpMin2_Bh(m)
2736,SpMin3_Bh(m)
2737,SpMin4_Bh(m)
2738,SpMin5_Bh(m)
2739,SpMin6_Bh(m)
2740,SpMin7_Bh(m)
2741,SpMin8_Bh(m)
2742,SpMin1_Bh(v)
2743,SpMin2_Bh(v)
2744,SpMin3_Bh(v)
2745,SpMin4_Bh(v)
2746,SpMin5_Bh(v)
2747,SpMin6_Bh(v)
2748,SpMin7_Bh(v)
2749,SpMin8_Bh(v)
2750,SpMin1_Bh(e)
2751,SpMin2_Bh(e)
2752,SpMin3_Bh(e)
2753,SpMin4_Bh(e)
2754,SpMin5_Bh(e)
2755,SpMin6_Bh(e)
2756,SpMin7_Bh(e)
2757,SpMin8_Bh(e)
2758,SpMin1_Bh(p)
2759,SpMin2_Bh(p)
2760,SpMin3_Bh(p)
2761,SpMin4_Bh(p)
2762,SpMin5_Bh(p)
2763,SpMin6_Bh(p)
2764,SpMin7_Bh(p)
2765,SpMin8_Bh(p)
2766,SpMin1_Bh(i)
2767,SpMin2_Bh(i)
2768,SpMin3_Bh(i)
2769,SpMin4_Bh(i)
2770,SpMin5_Bh(i)
2771,SpMin6_Bh(i)
2772,SpMin7_Bh(i)
2773,SpMin8_Bh(i)
2774,SpMin1_Bh(s)
2775,SpMin2_Bh(s)
2776,SpMin3_Bh(s)
2777,SpMin4_Bh(s)
2778,SpMin5_Bh(s)
2779,SpMin6_Bh(s)
2780,SpMin7_Bh(s)
2781,SpMin8_Bh(s)
2782,P_VSA_LogP_1
2783,P_VSA_LogP_2
2784,P_VSA_LogP_3
2785,P_VSA_LogP_4
2786,P_VSA_LogP_5
2787,P_VSA_LogP_6
2788,P_VSA_LogP_7
2789,P_VSA_LogP_8
2790,P_VSA_MR_1
2791,P_VSA_MR_2
2792,P_VSA_MR_3
2793,P_VSA_MR_4
2794,P_VSA_MR_5
2795,P_VSA_MR_6
2796,P_VSA_MR_7
2797,P_VSA_MR_8
2798,P_VSA_m_1
2799,P_VSA_m_2
2800,P_VSA_m_3
2801,P_VSA_m_4
2802,P_VSA_m_5
2803,P_VSA_v_1
2804,P_VSA_v_2
2805,P_VSA_v_3
2806,P_VSA_v_4
2807,P_VSA_e_1
2808,P_VSA_e_2
2809,P_VSA_e_3
2810,P_VSA_e_4
2811,P_VSA_e_5
2812,P_VSA_e_6
2813,P_VSA_p_1
2814,P_VSA_p_2
2815,P_VSA_p_3
2816,P_VSA_p_4
2817,P_VSA_i_1
2818,P_VSA_i_2
2819,P_VSA_i_3
2820,P_VSA_i_4
2821,P_VSA_s_1
2822,P_VSA_s_2
2823,P_VSA_s_3
2824,P_VSA_s_4
2825,P_VSA_s_5
2826,P_VSA_s_6
2827,P_VSA_ppp_L
2828,P_VSA_ppp_P
2829,P_VSA_ppp_N
2830,P_VSA_ppp_D
2831,P_VSA_ppp_A
2832,P_VSA_ppp_ar
2833,P_VSA_ppp_con
2834,P_VSA_ppp_hal
2835,P_VSA_ppp_cyc
2836,P_VSA_ppp_ter
2837,Eta_alpha
2838,Eta_alpha_A
2839,Eta_epsi
2840,Eta_epsi_A
2841,Eta_betaS
2842,Eta_betaS_A
2843,Eta_betaP
2844,Eta_betaP_A
2845,Eta_beta
2846,Eta_beta_A
2847,Eta_C
2848,Eta_C_A
2849,Eta_L
2850,Eta_L_A
2851,Eta_F
2852,Eta_F_A
2853,Eta_FL
2854,Eta_FL_A
2855,Eta_B
2856,Eta_B_A
2857,Eta_sh_p
2858,Eta_sh_y
2859,Eta_sh_x
2860,SpMax_EA
2861,SpMaxA_EA
2862,SpDiam_EA
2863,SpAD_EA
2864,SpMAD_EA
2865,SpMax_EA(ed)
2866,SpMaxA_EA(ed)
2867,SpDiam_EA(ed)
2868,SpAD_EA(ed)
2869,SpMAD_EA(ed)
2870,SpMax_EA(bo)
2871,SpMaxA_EA(bo)
2872,SpDiam_EA(bo)
2873,SpAD_EA(bo)
2874,SpMAD_EA(bo)
2875,SpMax_EA(dm)
2876,SpMaxA_EA(dm)
2877,SpDiam_EA(dm)
2878,SpAD_EA(dm)
2879,SpMAD_EA(dm)
2880,SpMax_EA(ri)
2881,SpMaxA_EA(ri)
2882,SpDiam_EA(ri)
2883,SpAD_EA(ri)
2884,SpMAD_EA(ri)
2885,SpMax_AEA(ed)
2886,SpMaxA_AEA(ed)
2887,SpDiam_AEA(ed)
2888,SpAD_AEA(ed)
2889,SpMAD_AEA(ed)
2890,SpMax_AEA(bo)
2891,SpMaxA_AEA(bo)
2892,SpDiam_AEA(bo)
2893,SpAD_AEA(bo)
2894,SpMAD_AEA(bo)
2895,SpMax_AEA(dm)
2896,SpMaxA_AEA(dm)
2897,SpDiam_AEA(dm)
2898,SpAD_AEA(dm)
2899,SpMAD_AEA(dm)
2900,SpMax_AEA(ri)
2901,SpMaxA_AEA(ri)
2902,SpDiam_AEA(ri)
2903,SpAD_AEA(ri)
2904,SpMAD_AEA(ri)
2905,Chi0_EA
2906,Chi1_EA
2907,Chi0_EA(ed)
2908,Chi1_EA(ed)
2909,Chi0_EA(bo)
2910,Chi1_EA(bo)
2911,Chi0_EA(dm)
2912,Chi1_EA(dm)
2913,Chi0_EA(ri)
2914,Chi1_EA(ri)
2915,Chi0_AEA(ed)
2916,Chi1_AEA(ed)
2917,Chi0_AEA(bo)
2918,Chi1_AEA(bo)
2919,Chi0_AEA(dm)
2920,Chi1_AEA(dm)
2921,Chi0_AEA(ri)
2922,Chi1_AEA(ri)
2923,SM02_EA
2924,SM03_EA
2925,SM04_EA
2926,SM05_EA
2927,SM06_EA
2928,SM07_EA
2929,SM08_EA
2930,SM09_EA
2931,SM10_EA
2932,SM11_EA
2933,SM12_EA
2934,SM13_EA
2935,SM14_EA
2936,SM15_EA
2937,SM02_EA(ed)
2938,SM03_EA(ed)
2939,SM04_EA(ed)
2940,SM05_EA(ed)
2941,SM06_EA(ed)
2942,SM07_EA(ed)
2943,SM08_EA(ed)
2944,SM09_EA(ed)
2945,SM10_EA(ed)
2946,SM11_EA(ed)
2947,SM12_EA(ed)
2948,SM13_EA(ed)
2949,SM14_EA(ed)
2950,SM15_EA(ed)
2951,SM02_EA(bo)
2952,SM03_EA(bo)
2953,SM04_EA(bo)
2954,SM05_EA(bo)
2955,SM06_EA(bo)
2956,SM07_EA(bo)
2957,SM08_EA(bo)
2958,SM09_EA(bo)
2959,SM10_EA(bo)
2960,SM11_EA(bo)
2961,SM12_EA(bo)
2962,SM13_EA(bo)
2963,SM14_EA(bo)
2964,SM15_EA(bo)
2965,SM02_EA(dm)
2966,SM03_EA(dm)
2967,SM04_EA(dm)
2968,SM05_EA(dm)
2969,SM06_EA(dm)
2970,SM07_EA(dm)
2971,SM08_EA(dm)
2972,SM09_EA(dm)
2973,SM10_EA(dm)
2974,SM11_EA(dm)
2975,SM12_EA(dm)
2976,SM13_EA(dm)
2977,SM14_EA(dm)
2978,SM15_EA(dm)
2979,SM02_EA(ri)
2980,SM03_EA(ri)
2981,SM04_EA(ri)
2982,SM05_EA(ri)
2983,SM06_EA(ri)
2984,SM07_EA(ri)
2985,SM08_EA(ri)
2986,SM09_EA(ri)
2987,SM10_EA(ri)
2988,SM11_EA(ri)
2989,SM12_EA(ri)
2990,SM13_EA(ri)
2991,SM14_EA(ri)
2992,SM15_EA(ri)
2993,SM02_AEA(ed)
2994,SM03_AEA(ed)
2995,SM04_AEA(ed)
2996,SM05_AEA(ed)
2997,SM06_AEA(ed)
2998,SM07_AEA(ed)
2999,SM08_AEA(ed)
3000,SM09_AEA(ed)
3001,SM10_AEA(ed)
3002,SM11_AEA(ed)
3003,SM12_AEA(ed)
3004,SM13_AEA(ed)
3005,SM14_AEA(ed)
3006,SM15_AEA(ed)
3007,SM02_AEA(bo)
3008,SM03_AEA(bo)
3009,SM04_AEA(bo)
3010,SM05_AEA(bo)
3011,SM06_AEA(bo)
3012,SM07_AEA(bo)
3013,SM08_AEA(bo)
3014,SM09_AEA(bo)
3015,SM10_AEA(bo)
3016,SM11_AEA(bo)
3017,SM12_AEA(bo)
3018,SM13_AEA(bo)
3019,SM14_AEA(bo)
3020,SM15_AEA(bo)
3021,SM02_AEA(dm)
3022,SM03_AEA(dm)
3023,SM04_AEA(dm)
3024,SM05_AEA(dm)
3025,SM06_AEA(dm)
3026,SM07_AEA(dm)
3027,SM08_AEA(dm)
3028,SM09_AEA(dm)
3029,SM10_AEA(dm)
3030,SM11_AEA(dm)
3031,SM12_AEA(dm)
3032,SM13_AEA(dm)
3033,SM14_AEA(dm)
3034,SM15_AEA(dm)
3035,SM02_AEA(ri)
3036,SM03_AEA(ri)
3037,SM04_AEA(ri)
3038,SM05_AEA(ri)
3039,SM06_AEA(ri)
3040,SM07_AEA(ri)
3041,SM08_AEA(ri)
3042,SM09_AEA(ri)
3043,SM10_AEA(ri)
3044,SM11_AEA(ri)
3045,SM12_AEA(ri)
3046,SM13_AEA(ri)
3047,SM14_AEA(ri)
3048,SM15_AEA(ri)
3049,Eig01_EA
3050,Eig02_EA
3051,Eig03_EA
3052,Eig04_EA
3053,Eig05_EA
3054,Eig06_EA
3055,Eig07_EA
3056,Eig08_EA
3057,Eig09_EA
3058,Eig10_EA
3059,Eig11_EA
3060,Eig12_EA
3061,Eig13_EA
3062,Eig14_EA
3063,Eig15_EA
3064,Eig01_EA(ed)
3065,Eig02_EA(ed)
3066,Eig03_EA(ed)
3067,Eig04_EA(ed)
3068,Eig05_EA(ed)
3069,Eig06_EA(ed)
3070,Eig07_EA(ed)
3071,Eig08_EA(ed)
3072,Eig09_EA(ed)
3073,Eig10_EA(ed)
3074,Eig11_EA(ed)
3075,Eig12_EA(ed)
3076,Eig13_EA(ed)
3077,Eig14_EA(ed)
3078,Eig15_EA(ed)
3079,Eig01_EA(bo)
3080,Eig02_EA(bo)
3081,Eig03_EA(bo)
3082,Eig04_EA(bo)
3083,Eig05_EA(bo)
3084,Eig06_EA(bo)
3085,Eig07_EA(bo)
3086,Eig08_EA(bo)
3087,Eig09_EA(bo)
3088,Eig10_EA(bo)
3089,Eig11_EA(bo)
3090,Eig12_EA(bo)
3091,Eig13_EA(bo)
3092,Eig14_EA(bo)
3093,Eig15_EA(bo)
3094,Eig01_EA(dm)
3095,Eig02_EA(dm)
3096,Eig03_EA(dm)
3097,Eig04_EA(dm)
3098,Eig05_EA(dm)
3099,Eig06_EA(dm)
3100,Eig07_EA(dm)
3101,Eig08_EA(dm)
3102,Eig09_EA(dm)
3103,Eig10_EA(dm)
3104,Eig11_EA(dm)
3105,Eig12_EA(dm)
3106,Eig13_EA(dm)
3107,Eig14_EA(dm)
3108,Eig15_EA(dm)
3109,Eig01_EA(ri)
3110,Eig02_EA(ri)
3111,Eig03_EA(ri)
3112,Eig04_EA(ri)
3113,Eig05_EA(ri)
3114,Eig06_EA(ri)
3115,Eig07_EA(ri)
3116,Eig08_EA(ri)
3117,Eig09_EA(ri)
3118,Eig10_EA(ri)
3119,Eig11_EA(ri)
3120,Eig12_EA(ri)
3121,Eig13_EA(ri)
3122,Eig14_EA(ri)
3123,Eig15_EA(ri)
3124,Eig01_AEA(ed)
3125,Eig02_AEA(ed)
3126,Eig03_AEA(ed)
3127,Eig04_AEA(ed)
3128,Eig05_AEA(ed)
3129,Eig06_AEA(ed)
3130,Eig07_AEA(ed)
3131,Eig08_AEA(ed)
3132,Eig09_AEA(ed)
3133,Eig10_AEA(ed)
3134,Eig11_AEA(ed)
3135,Eig12_AEA(ed)
3136,Eig13_AEA(ed)
3137,Eig14_AEA(ed)
3138,Eig15_AEA(ed)
3139,Eig01_AEA(bo)
3140,Eig02_AEA(bo)
3141,Eig03_AEA(bo)
3142,Eig04_AEA(bo)
3143,Eig05_AEA(bo)
3144,Eig06_AEA(bo)
3145,Eig07_AEA(bo)
3146,Eig08_AEA(bo)
3147,Eig09_AEA(bo)
3148,Eig10_AEA(bo)
3149,Eig11_AEA(bo)
3150,Eig12_AEA(bo)
3151,Eig13_AEA(bo)
3152,Eig14_AEA(bo)
3153,Eig15_AEA(bo)
3154,Eig01_AEA(dm)
3155,Eig02_AEA(dm)
3156,Eig03_AEA(dm)
3157,Eig04_AEA(dm)
3158,Eig05_AEA(dm)
3159,Eig06_AEA(dm)
3160,Eig07_AEA(dm)
3161,Eig08_AEA(dm)
3162,Eig09_AEA(dm)
3163,Eig10_AEA(dm)
3164,Eig11_AEA(dm)
3165,Eig12_AEA(dm)
3166,Eig13_AEA(dm)
3167,Eig14_AEA(dm)
3168,Eig15_AEA(dm)
3169,Eig01_AEA(ri)
3170,Eig02_AEA(ri)
3171,Eig03_AEA(ri)
3172,Eig04_AEA(ri)
3173,Eig05_AEA(ri)
3174,Eig06_AEA(ri)
3175,Eig07_AEA(ri)
3176,Eig08_AEA(ri)
3177,Eig09_AEA(ri)
3178,Eig10_AEA(ri)
3179,Eig11_AEA(ri)
3180,Eig12_AEA(ri)
3181,Eig13_AEA(ri)
3182,Eig14_AEA(ri)
3183,Eig15_AEA(ri)
3184,nCp
3185,nCs
3186,nCt
3187,nCq
3188,nCrs
3189,nCrt
3190,nCrq
3191,nCar
3192,nCbH
3193,nCb-
3194,nCconj
3195,nR=Cp
3196,nR=Cs
3197,nR=Ct
3198,n=C=
3199,nR#CH_X
3200,nR#C-
3201,nROCN
3202,nArOCN
3203,nRNCO
3204,nArNCO
3205,nRSCN
3206,nArSCN
3207,nRNCS
3208,nArNCS
3209,nRCOOH
3210,nArCOOH
3211,nRCOOR
3212,nArCOOR
3213,nRCONH2
3214,nArCONH2
3215,nRCONHR
3216,nArCONHR
3217,nRCONR2
3218,nArCONR2
3219,nROCON
3220,nArOCON
3221,nRCOX
3222,nArCOX
3223,nRCSOH
3224,nArCSOH
3225,nRCSSH
3226,nArCSSH
3227,nRCOSR
3228,nArCOSR
3229,nRCSSR
3230,nArCSSR
3231,nRCHO
3232,nArCHO
3233,nRCO
3234,nArCO
3235,nCONN
3236,nC=O(O)2
3237,nN=C-N<
3238,nC(=N)N2
3239,nRC=N
3240,nArC=N
3241,nRCNO
3242,nArCNO
3243,nRNH2
3244,nArNH2
3245,nRNHR
3246,nArNHR
3247,nRNR2
3248,nArNR2
3249,nN-N
3250,nN=N
3251,nRCN
3252,nArCN
3253,nN+
3254,nNq
3255,nRNHO
3256,nArNHO
3257,nRNNOx
3258,nArNNOx
3259,nRNO
3260,nArNO
3261,nRNO2
3262,nArNO2
3263,nN(CO)2
3264,nC=N-N<
3265,nROH
3266,nArOH
3267,nOHp
3268,nOHs
3269,nOHt
3270,nROR
3271,nArOR
3272,nROX
3273,nArOX
3274,nO(C=O)2
3275,nH2O
3276,nSH
3277,nC=S
3278,nRSR
3279,nRSSR
3280,nSO
3281,nS(=O)2
3282,nSOH
3283,nSOOH
3284,nSO2OH
3285,nSO3OH
3286,nSO2
3287,nSO3
3288,nSO4
3289,nSO2N
3290,nPO3
3291,nPO4
3292,nPR3
3293,nP(=O)O2R
3294,nP(=O)R3_nPR5
3295,nCH2RX
3296,nCHR2X
3297,nCR3X
3298,nR=CHX
3299,nR=CRX
3300,nR#CX
3301,nCHRX2
3302,nCR2X2
3303,nR=CX2
3304,nCRX3
3305,nArX
3306,nCXr
3307,nCXr=
3308,nCconjX
3309,nAziridines
3310,nOxiranes
3311,nThiranes
3312,nAzetidines
3313,nOxetanes
3314,nThioethanes
3315,nBeta-Lactams
3316,nPyrrolidines
3317,nOxolanes
3318,ntH-Thiophenes
3319,nPyrroles
3320,nPyrazoles
3321,nImidazoles
3322,nFuranes
3323,nThiophenes
3324,nOxazoles
3325,nIsoxazoles
3326,nThiazoles
3327,nIsothiazoles
3328,nTriazoles
3329,nPyridines
3330,nPyridazines
3331,nPyrimidines
3332,nPyrazines
3333,n135-Triazines
3334,n124-Triazines
3335,nHDon
3336,nHAcc
3337,C-001
3338,C-002
3339,C-003
3340,C-004
3341,C-005
3342,C-006
3343,C-007
3344,C-008
3345,C-009
3346,C-010
3347,C-011
3348,C-012
3349,C-013
3350,C-014
3351,C-015
3352,C-016
3353,C-017
3354,C-018
3355,C-019
3356,C-020
3357,C-021
3358,C-022
3359,C-023
3360,C-024
3361,C-025
3362,C-026
3363,C-027
3364,C-028
3365,C-029
3366,C-030
3367,C-031
3368,C-032
3369,C-033
3370,C-034
3371,C-035
3372,C-036
3373,C-037
3374,C-038
3375,C-039
3376,C-040
3377,C-041
3378,C-042
3379,C-043
3380,C-044
3381,H-046
3382,H-047
3383,H-048
3384,H-049
3385,H-050
3386,H-051
3387,H-052
3388,H-053
3389,H-054
3390,H-055
3391,O-056
3392,O-057
3393,O-058
3394,O-059
3395,O-060
3396,O-061
3397,O-062
3398,O-063
3399,Se-064
3400,Se-065
3401,N-066
3402,N-067
3403,N-068
3404,N-069
3405,N-070
3406,N-071
3407,N-072
3408,N-073
3409,N-074
3410,N-075
3411,N-076
3412,N-077
3413,N-078
3414,N-079
3415,F-081
3416,F-082
3417,F-083
3418,F-084
3419,F-085
3420,Cl-086
3421,Cl-087
3422,Cl-088
3423,Cl-089
3424,Cl-090
3425,Br-091
3426,Br-092
3427,Br-093
3428,Br-094
3429,Br-095
3430,I-096
3431,I-097
3432,I-098
3433,I-099
3434,I-100
3435,F-101
3436,Cl-102
3437,Br-103
3438,I-104
3439,S-106
3440,S-107
3441,S-108
3442,S-109
3443,S-110
3444,Si-111
3445,B-112
3446,P-115
3447,P-116
3448,P-117
3449,P-118
3450,P-119
3451,P-120
3452,SsCH3
3453,SdCH2
3454,SssCH2
3455,StCH
3456,SdsCH
3457,SaaCH
3458,SsssCH
3459,SddC
3460,StsC
3461,SdssC
3462,SaasC
3463,SaaaC
3464,SssssC
3465,SsNH2
3466,SssNH
3467,SdNH
3468,SsssN
3469,SdsN
3470,SaaN
3471,StN
3472,SsNH3+
3473,SssNH2+
3474,SdNH2+
3475,SsssNH+
3476,SssssN+
3477,SddsN
3478,SaadN
3479,SaasN
3480,SaaNH
3481,SsOH
3482,SdO
3483,SssO
3484,SaaO
3485,SsPH2
3486,SssPH
3487,SsssP
3488,SdsssP
3489,SddsP
3490,SsssssP
3491,SsSH
3492,SdS
3493,SssS
3494,SaaS
3495,SdssS
3496,SddssS
3497,SssssssS
3498,SsF
3499,SsCl
3500,SsBr
3501,SsI
3502,SsLi
3503,SssBe
3504,SssssBe-
3505,SsBH2
3506,SssBH
3507,SsssB
3508,SssssB-
3509,SsGeH3
3510,SssGeH2
3511,SsssGeH
3512,SssssGe
3513,SsAsH2
3514,SssAsH
3515,SsssAs
3516,SsssssAs
3517,SdsssAs
3518,SddsAs
3519,SsSeH
3520,SdSe
3521,SssSe
3522,SaaSe
3523,SdssSe
3524,SssssssSe
3525,SddssSe
3526,SsSnH3
3527,SssSnH2
3528,SsssSnH
3529,SssssSn
3530,SsPbH3
3531,SssPbH2
3532,SsssPbH
3533,SssssPb
3534,SsSiH3
3535,SssSiH2
3536,SsssSiH
3537,SssssSi
3538,NsCH3
3539,NdCH2
3540,NssCH2
3541,NtCH
3542,NdsCH
3543,NaaCH
3544,NsssCH
3545,NddC
3546,NtsC
3547,NdssC
3548,NaasC
3549,NaaaC
3550,NssssC
3551,NsNH2
3552,NssNH
3553,NdNH
3554,NsssN
3555,NdsN
3556,NaaN
3557,NtN
3558,NsNH3+
3559,NssNH2+
3560,NdNH2+
3561,NsssNH+
3562,NssssN+
3563,NddsN
3564,NaadN
3565,NaasN
3566,NaaNH
3567,NsOH
3568,NdO
3569,NssO
3570,NaaO
3571,NsPH2
3572,NssPH
3573,NsssP
3574,NdsssP
3575,NddsP
3576,NsssssP
3577,NsSH
3578,NdS
3579,NssS
3580,NaaS
3581,NdssS
3582,NddssS
3583,NssssssS
3584,NsF
3585,NsCl
3586,NsBr
3587,NsI
3588,NsLi
3589,NssBe
3590,NssssBe-
3591,NsBH2
3592,NssBH
3593,NsssB
3594,NssssB-
3595,NsGeH3
3596,NssGeH2
3597,NsssGeH
3598,NssssGe
3599,NsAsH2
3600,NssAsH
3601,NsssAs
3602,NsssssAs
3603,NdsssAs
3604,NddsAs
3605,NsSeH
3606,NdSe
3607,NssSe
3608,NaaSe
3609,NdssSe
3610,NssssssSe
3611,NddssSe
3612,NsSnH3
3613,NssSnH2
3614,NsssSnH
3615,NssssSn
3616,NsPbH3
3617,NssPbH2
3618,NsssPbH
3619,NssssPb
3620,NsSiH3
3621,NssSiH2
3622,NsssSiH
3623,NssssSi
3624,CATS2D_00_DD
3625,CATS2D_01_DD
3626,CATS2D_02_DD
3627,CATS2D_03_DD
3628,CATS2D_04_DD
3629,CATS2D_05_DD
3630,CATS2D_06_DD
3631,CATS2D_07_DD
3632,CATS2D_08_DD
3633,CATS2D_09_DD
3634,CATS2D_00_DA
3635,CATS2D_01_DA
3636,CATS2D_02_DA
3637,CATS2D_03_DA
3638,CATS2D_04_DA
3639,CATS2D_05_DA
3640,CATS2D_06_DA
3641,CATS2D_07_DA
3642,CATS2D_08_DA
3643,CATS2D_09_DA
3644,CATS2D_00_DP
3645,CATS2D_01_DP
3646,CATS2D_02_DP
3647,CATS2D_03_DP
3648,CATS2D_04_DP
3649,CATS2D_05_DP
3650,CATS2D_06_DP
3651,CATS2D_07_DP
3652,CATS2D_08_DP
3653,CATS2D_09_DP
3654,CATS2D_00_DN
3655,CATS2D_01_DN
3656,CATS2D_02_DN
3657,CATS2D_03_DN
3658,CATS2D_04_DN
3659,CATS2D_05_DN
3660,CATS2D_06_DN
3661,CATS2D_07_DN
3662,CATS2D_08_DN
3663,CATS2D_09_DN
3664,CATS2D_00_DL
3665,CATS2D_01_DL
3666,CATS2D_02_DL
3667,CATS2D_03_DL
3668,CATS2D_04_DL
3669,CATS2D_05_DL
3670,CATS2D_06_DL
3671,CATS2D_07_DL
3672,CATS2D_08_DL
3673,CATS2D_09_DL
3674,CATS2D_00_AA
3675,CATS2D_01_AA
3676,CATS2D_02_AA
3677,CATS2D_03_AA
3678,CATS2D_04_AA
3679,CATS2D_05_AA
3680,CATS2D_06_AA
3681,CATS2D_07_AA
3682,CATS2D_08_AA
3683,CATS2D_09_AA
3684,CATS2D_00_AP
3685,CATS2D_01_AP
3686,CATS2D_02_AP
3687,CATS2D_03_AP
3688,CATS2D_04_AP
3689,CATS2D_05_AP
3690,CATS2D_06_AP
3691,CATS2D_07_AP
3692,CATS2D_08_AP
3693,CATS2D_09_AP
3694,CATS2D_00_AN
3695,CATS2D_01_AN
3696,CATS2D_02_AN
3697,CATS2D_03_AN
3698,CATS2D_04_AN
3699,CATS2D_05_AN
3700,CATS2D_06_AN
3701,CATS2D_07_AN
3702,CATS2D_08_AN
3703,CATS2D_09_AN
3704,CATS2D_00_AL
3705,CATS2D_01_AL
3706,CATS2D_02_AL
3707,CATS2D_03_AL
3708,CATS2D_04_AL
3709,CATS2D_05_AL
3710,CATS2D_06_AL
3711,CATS2D_07_AL
3712,CATS2D_08_AL
3713,CATS2D_09_AL
3714,CATS2D_00_PP
3715,CATS2D_01_PP
3716,CATS2D_02_PP
3717,CATS2D_03_PP
3718,CATS2D_04_PP
3719,CATS2D_05_PP
3720,CATS2D_06_PP
3721,CATS2D_07_PP
3722,CATS2D_08_PP
3723,CATS2D_09_PP
3724,CATS2D_00_PN
3725,CATS2D_01_PN
3726,CATS2D_02_PN
3727,CATS2D_03_PN
3728,CATS2D_04_PN
3729,CATS2D_05_PN
3730,CATS2D_06_PN
3731,CATS2D_07_PN
3732,CATS2D_08_PN
3733,CATS2D_09_PN
3734,CATS2D_00_PL
3735,CATS2D_01_PL
3736,CATS2D_02_PL
3737,CATS2D_03_PL
3738,CATS2D_04_PL
3739,CATS2D_05_PL
3740,CATS2D_06_PL
3741,CATS2D_07_PL
3742,CATS2D_08_PL
3743,CATS2D_09_PL
3744,CATS2D_00_NN
3745,CATS2D_01_NN
3746,CATS2D_02_NN
3747,CATS2D_03_NN
3748,CATS2D_04_NN
3749,CATS2D_05_NN
3750,CATS2D_06_NN
3751,CATS2D_07_NN
3752,CATS2D_08_NN
3753,CATS2D_09_NN
3754,CATS2D_00_NL
3755,CATS2D_01_NL
3756,CATS2D_02_NL
3757,CATS2D_03_NL
3758,CATS2D_04_NL
3759,CATS2D_05_NL
3760,CATS2D_06_NL
3761,CATS2D_07_NL
3762,CATS2D_08_NL
3763,CATS2D_09_NL
3764,CATS2D_00_LL
3765,CATS2D_01_LL
3766,CATS2D_02_LL
3767,CATS2D_03_LL
3768,CATS2D_04_LL
3769,CATS2D_05_LL
3770,CATS2D_06_LL
3771,CATS2D_07_LL
3772,CATS2D_08_LL
3773,CATS2D_09_LL
3774,T(N..N)
3775,T(N..O)
3776,T(N..S)
3777,T(N..P)
3778,T(N..F)
3779,T(N..Cl)
3780,T(N..Br)
3781,T(N..I)
3782,T(O..O)
3783,T(O..S)
3784,T(O..P)
3785,T(O..F)
3786,T(O..Cl)
3787,T(O..Br)
3788,T(O..I)
3789,T(S..S)
3790,T(S..P)
3791,T(S..F)
3792,T(S..Cl)
3793,T(S..Br)
3794,T(S..I)
3795,T(P..P)
3796,T(P..F)
3797,T(P..Cl)
3798,T(P..Br)
3799,T(P..I)
3800,T(F..F)
3801,T(F..Cl)
3802,T(F..Br)
3803,T(F..I)
3804,T(Cl..Cl)
3805,T(Cl..Br)
3806,T(Cl..I)
3807,T(Br..Br)
3808,T(Br..I)
3809,T(I..I)
3810,B01[C-C]
3811,B01[C-N]
3812,B01[C-O]
3813,B01[C-S]
3814,B01[C-P]
3815,B01[C-F]
3816,B01[C-Cl]
3817,B01[C-Br]
3818,B01[C-I]
3819,B01[C-B]
3820,B01[C-Si]
3821,B01[C-X]
3822,B01[N-N]
3823,B01[N-O]
3824,B01[N-S]
3825,B01[N-P]
3826,B01[N-F]
3827,B01[N-Cl]
3828,B01[N-Br]
3829,B01[N-I]
3830,B01[N-B]
3831,B01[N-Si]
3832,B01[N-X]
3833,B01[O-O]
3834,B01[O-S]
3835,B01[O-P]
3836,B01[O-F]
3837,B01[O-Cl]
3838,B01[O-Br]
3839,B01[O-I]
3840,B01[O-B]
3841,B01[O-Si]
3842,B01[O-X]
3843,B01[S-S]
3844,B01[S-P]
3845,B01[S-F]
3846,B01[S-Cl]
3847,B01[S-Br]
3848,B01[S-I]
3849,B01[S-B]
3850,B01[S-Si]
3851,B01[S-X]
3852,B01[P-P]
3853,B01[P-F]
3854,B01[P-Cl]
3855,B01[P-Br]
3856,B01[P-I]
3857,B01[P-B]
3858,B01[P-Si]
3859,B01[P-X]
3860,B01[F-F]
3861,B01[F-Cl]
3862,B01[F-Br]
3863,B01[F-I]
3864,B01[F-B]
3865,B01[F-Si]
3866,B01[F-X]
3867,B01[Cl-Cl]
3868,B01[Cl-Br]
3869,B01[Cl-I]
3870,B01[Cl-B]
3871,B01[Cl-Si]
3872,B01[Cl-X]
3873,B01[Br-Br]
3874,B01[Br-I]
3875,B01[Br-B]
3876,B01[Br-Si]
3877,B01[Br-X]
3878,B01[I-I]
3879,B01[I-B]
3880,B01[I-Si]
3881,B01[I-X]
3882,B01[B-B]
3883,B01[B-Si]
3884,B01[B-X]
3885,B01[Si-Si]
3886,B01[Si-X]
3887,B01[X-X]
3888,B02[C-C]
3889,B02[C-N]
3890,B02[C-O]
3891,B02[C-S]
3892,B02[C-P]
3893,B02[C-F]
3894,B02[C-Cl]
3895,B02[C-Br]
3896,B02[C-I]
3897,B02[C-B]
3898,B02[C-Si]
3899,B02[C-X]
3900,B02[N-N]
3901,B02[N-O]
3902,B02[N-S]
3903,B02[N-P]
3904,B02[N-F]
3905,B02[N-Cl]
3906,B02[N-Br]
3907,B02[N-I]
3908,B02[N-B]
3909,B02[N-Si]
3910,B02[N-X]
3911,B02[O-O]
3912,B02[O-S]
3913,B02[O-P]
3914,B02[O-F]
3915,B02[O-Cl]
3916,B02[O-Br]
3917,B02[O-I]
3918,B02[O-B]
3919,B02[O-Si]
3920,B02[O-X]
3921,B02[S-S]
3922,B02[S-P]
3923,B02[S-F]
3924,B02[S-Cl]
3925,B02[S-Br]
3926,B02[S-I]
3927,B02[S-B]
3928,B02[S-Si]
3929,B02[S-X]
3930,B02[P-P]
3931,B02[P-F]
3932,B02[P-Cl]
3933,B02[P-Br]
3934,B02[P-I]
3935,B02[P-B]
3936,B02[P-Si]
3937,B02[P-X]
3938,B02[F-F]
3939,B02[F-Cl]
3940,B02[F-Br]
3941,B02[F-I]
3942,B02[F-B]
3943,B02[F-Si]
3944,B02[F-X]
3945,B02[Cl-Cl]
3946,B02[Cl-Br]
3947,B02[Cl-I]
3948,B02[Cl-B]
3949,B02[Cl-Si]
3950,B02[Cl-X]
3951,B02[Br-Br]
3952,B02[Br-I]
3953,B02[Br-B]
3954,B02[Br-Si]
3955,B02[Br-X]
3956,B02[I-I]
3957,B02[I-B]
3958,B02[I-Si]
3959,B02[I-X]
3960,B02[B-B]
3961,B02[B-Si]
3962,B02[B-X]
3963,B02[Si-Si]
3964,B02[Si-X]
3965,B02[X-X]
3966,B03[C-C]
3967,B03[C-N]
3968,B03[C-O]
3969,B03[C-S]
3970,B03[C-P]
3971,B03[C-F]
3972,B03[C-Cl]
3973,B03[C-Br]
3974,B03[C-I]
3975,B03[C-B]
3976,B03[C-Si]
3977,B03[C-X]
3978,B03[N-N]
3979,B03[N-O]
3980,B03[N-S]
3981,B03[N-P]
3982,B03[N-F]
3983,B03[N-Cl]
3984,B03[N-Br]
3985,B03[N-I]
3986,B03[N-B]
3987,B03[N-Si]
3988,B03[N-X]
3989,B03[O-O]
3990,B03[O-S]
3991,B03[O-P]
3992,B03[O-F]
3993,B03[O-Cl]
3994,B03[O-Br]
3995,B03[O-I]
3996,B03[O-B]
3997,B03[O-Si]
3998,B03[O-X]
3999,B03[S-S]
4000,B03[S-P]
4001,B03[S-F]
4002,B03[S-Cl]
4003,B03[S-Br]
4004,B03[S-I]
4005,B03[S-B]
4006,B03[S-Si]
4007,B03[S-X]
4008,B03[P-P]
4009,B03[P-F]
4010,B03[P-Cl]
4011,B03[P-Br]
4012,B03[P-I]
4013,B03[P-B]
4014,B03[P-Si]
4015,B03[P-X]
4016,B03[F-F]
4017,B03[F-Cl]
4018,B03[F-Br]
4019,B03[F-I]
4020,B03[F-B]
4021,B03[F-Si]
4022,B03[F-X]
4023,B03[Cl-Cl]
4024,B03[Cl-Br]
4025,B03[Cl-I]
4026,B03[Cl-B]
4027,B03[Cl-Si]
4028,B03[Cl-X]
4029,B03[Br-Br]
4030,B03[Br-I]
4031,B03[Br-B]
4032,B03[Br-Si]
4033,B03[Br-X]
4034,B03[I-I]
4035,B03[I-B]
4036,B03[I-Si]
4037,B03[I-X]
4038,B03[B-B]
4039,B03[B-Si]
4040,B03[B-X]
4041,B03[Si-Si]
4042,B03[Si-X]
4043,B03[X-X]
4044,B04[C-C]
4045,B04[C-N]
4046,B04[C-O]
4047,B04[C-S]
4048,B04[C-P]
4049,B04[C-F]
4050,B04[C-Cl]
4051,B04[C-Br]
4052,B04[C-I]
4053,B04[C-B]
4054,B04[C-Si]
4055,B04[C-X]
4056,B04[N-N]
4057,B04[N-O]
4058,B04[N-S]
4059,B04[N-P]
4060,B04[N-F]
4061,B04[N-Cl]
4062,B04[N-Br]
4063,B04[N-I]
4064,B04[N-B]
4065,B04[N-Si]
4066,B04[N-X]
4067,B04[O-O]
4068,B04[O-S]
4069,B04[O-P]
4070,B04[O-F]
4071,B04[O-Cl]
4072,B04[O-Br]
4073,B04[O-I]
4074,B04[O-B]
4075,B04[O-Si]
4076,B04[O-X]
4077,B04[S-S]
4078,B04[S-P]
4079,B04[S-F]
4080,B04[S-Cl]
4081,B04[S-Br]
4082,B04[S-I]
4083,B04[S-B]
4084,B04[S-Si]
4085,B04[S-X]
4086,B04[P-P]
4087,B04[P-F]
4088,B04[P-Cl]
4089,B04[P-Br]
4090,B04[P-I]
4091,B04[P-B]
4092,B04[P-Si]
4093,B04[P-X]
4094,B04[F-F]
4095,B04[F-Cl]
4096,B04[F-Br]
4097,B04[F-I]
4098,B04[F-B]
4099,B04[F-Si]
4100,B04[F-X]
4101,B04[Cl-Cl]
4102,B04[Cl-Br]
4103,B04[Cl-I]
4104,B04[Cl-B]
4105,B04[Cl-Si]
4106,B04[Cl-X]
4107,B04[Br-Br]
4108,B04[Br-I]
4109,B04[Br-B]
4110,B04[Br-Si]
4111,B04[Br-X]
4112,B04[I-I]
4113,B04[I-B]
4114,B04[I-Si]
4115,B04[I-X]
4116,B04[B-B]
4117,B04[B-Si]
4118,B04[B-X]
4119,B04[Si-Si]
4120,B04[Si-X]
4121,B04[X-X]
4122,B05[C-C]
4123,B05[C-N]
4124,B05[C-O]
4125,B05[C-S]
4126,B05[C-P]
4127,B05[C-F]
4128,B05[C-Cl]
4129,B05[C-Br]
4130,B05[C-I]
4131,B05[C-B]
4132,B05[C-Si]
4133,B05[C-X]
4134,B05[N-N]
4135,B05[N-O]
4136,B05[N-S]
4137,B05[N-P]
4138,B05[N-F]
4139,B05[N-Cl]
4140,B05[N-Br]
4141,B05[N-I]
4142,B05[N-B]
4143,B05[N-Si]
4144,B05[N-X]
4145,B05[O-O]
4146,B05[O-S]
4147,B05[O-P]
4148,B05[O-F]
4149,B05[O-Cl]
4150,B05[O-Br]
4151,B05[O-I]
4152,B05[O-B]
4153,B05[O-Si]
4154,B05[O-X]
4155,B05[S-S]
4156,B05[S-P]
4157,B05[S-F]
4158,B05[S-Cl]
4159,B05[S-Br]
4160,B05[S-I]
4161,B05[S-B]
4162,B05[S-Si]
4163,B05[S-X]
4164,B05[P-P]
4165,B05[P-F]
4166,B05[P-Cl]
4167,B05[P-Br]
4168,B05[P-I]
4169,B05[P-B]
4170,B05[P-Si]
4171,B05[P-X]
4172,B05[F-F]
4173,B05[F-Cl]
4174,B05[F-Br]
4175,B05[F-I]
4176,B05[F-B]
4177,B05[F-Si]
4178,B05[F-X]
4179,B05[Cl-Cl]
4180,B05[Cl-Br]
4181,B05[Cl-I]
4182,B05[Cl-B]
4183,B05[Cl-Si]
4184,B05[Cl-X]
4185,B05[Br-Br]
4186,B05[Br-I]
4187,B05[Br-B]
4188,B05[Br-Si]
4189,B05[Br-X]
4190,B05[I-I]
4191,B05[I-B]
4192,B05[I-Si]
4193,B05[I-X]
4194,B05[B-B]
4195,B05[B-Si]
4196,B05[B-X]
4197,B05[Si-Si]
4198,B05[Si-X]
4199,B05[X-X]
4200,B06[C-C]
4201,B06[C-N]
4202,B06[C-O]
4203,B06[C-S]
4204,B06[C-P]
4205,B06[C-F]
4206,B06[C-Cl]
4207,B06[C-Br]
4208,B06[C-I]
4209,B06[C-B]
4210,B06[C-Si]
4211,B06[C-X]
4212,B06[N-N]
4213,B06[N-O]
4214,B06[N-S]
4215,B06[N-P]
4216,B06[N-F]
4217,B06[N-Cl]
4218,B06[N-Br]
4219,B06[N-I]
4220,B06[N-B]
4221,B06[N-Si]
4222,B06[N-X]
4223,B06[O-O]
4224,B06[O-S]
4225,B06[O-P]
4226,B06[O-F]
4227,B06[O-Cl]
4228,B06[O-Br]
4229,B06[O-I]
4230,B06[O-B]
4231,B06[O-Si]
4232,B06[O-X]
4233,B06[S-S]
4234,B06[S-P]
4235,B06[S-F]
4236,B06[S-Cl]
4237,B06[S-Br]
4238,B06[S-I]
4239,B06[S-B]
4240,B06[S-Si]
4241,B06[S-X]
4242,B06[P-P]
4243,B06[P-F]
4244,B06[P-Cl]
4245,B06[P-Br]
4246,B06[P-I]
4247,B06[P-B]
4248,B06[P-Si]
4249,B06[P-X]
4250,B06[F-F]
4251,B06[F-Cl]
4252,B06[F-Br]
4253,B06[F-I]
4254,B06[F-B]
4255,B06[F-Si]
4256,B06[F-X]
4257,B06[Cl-Cl]
4258,B06[Cl-Br]
4259,B06[Cl-I]
4260,B06[Cl-B]
4261,B06[Cl-Si]
4262,B06[Cl-X]
4263,B06[Br-Br]
4264,B06[Br-I]
4265,B06[Br-B]
4266,B06[Br-Si]
4267,B06[Br-X]
4268,B06[I-I]
4269,B06[I-B]
4270,B06[I-Si]
4271,B06[I-X]
4272,B06[B-B]
4273,B06[B-Si]
4274,B06[B-X]
4275,B06[Si-Si]
4276,B06[Si-X]
4277,B06[X-X]
4278,B07[C-C]
4279,B07[C-N]
4280,B07[C-O]
4281,B07[C-S]
4282,B07[C-P]
4283,B07[C-F]
4284,B07[C-Cl]
4285,B07[C-Br]
4286,B07[C-I]
4287,B07[C-B]
4288,B07[C-Si]
4289,B07[C-X]
4290,B07[N-N]
4291,B07[N-O]
4292,B07[N-S]
4293,B07[N-P]
4294,B07[N-F]
4295,B07[N-Cl]
4296,B07[N-Br]
4297,B07[N-I]
4298,B07[N-B]
4299,B07[N-Si]
4300,B07[N-X]
4301,B07[O-O]
4302,B07[O-S]
4303,B07[O-P]
4304,B07[O-F]
4305,B07[O-Cl]
4306,B07[O-Br]
4307,B07[O-I]
4308,B07[O-B]
4309,B07[O-Si]
4310,B07[O-X]
4311,B07[S-S]
4312,B07[S-P]
4313,B07[S-F]
4314,B07[S-Cl]
4315,B07[S-Br]
4316,B07[S-I]
4317,B07[S-B]
4318,B07[S-Si]
4319,B07[S-X]
4320,B07[P-P]
4321,B07[P-F]
4322,B07[P-Cl]
4323,B07[P-Br]
4324,B07[P-I]
4325,B07[P-B]
4326,B07[P-Si]
4327,B07[P-X]
4328,B07[F-F]
4329,B07[F-Cl]
4330,B07[F-Br]
4331,B07[F-I]
4332,B07[F-B]
4333,B07[F-Si]
4334,B07[F-X]
4335,B07[Cl-Cl]
4336,B07[Cl-Br]
4337,B07[Cl-I]
4338,B07[Cl-B]
4339,B07[Cl-Si]
4340,B07[Cl-X]
4341,B07[Br-Br]
4342,B07[Br-I]
4343,B07[Br-B]
4344,B07[Br-Si]
4345,B07[Br-X]
4346,B07[I-I]
4347,B07[I-B]
4348,B07[I-Si]
4349,B07[I-X]
4350,B07[B-B]
4351,B07[B-Si]
4352,B07[B-X]
4353,B07[Si-Si]
4354,B07[Si-X]
4355,B07[X-X]
4356,B08[C-C]
4357,B08[C-N]
4358,B08[C-O]
4359,B08[C-S]
4360,B08[C-P]
4361,B08[C-F]
4362,B08[C-Cl]
4363,B08[C-Br]
4364,B08[C-I]
4365,B08[C-B]
4366,B08[C-Si]
4367,B08[C-X]
4368,B08[N-N]
4369,B08[N-O]
4370,B08[N-S]
4371,B08[N-P]
4372,B08[N-F]
4373,B08[N-Cl]
4374,B08[N-Br]
4375,B08[N-I]
4376,B08[N-B]
4377,B08[N-Si]
4378,B08[N-X]
4379,B08[O-O]
4380,B08[O-S]
4381,B08[O-P]
4382,B08[O-F]
4383,B08[O-Cl]
4384,B08[O-Br]
4385,B08[O-I]
4386,B08[O-B]
4387,B08[O-Si]
4388,B08[O-X]
4389,B08[S-S]
4390,B08[S-P]
4391,B08[S-F]
4392,B08[S-Cl]
4393,B08[S-Br]
4394,B08[S-I]
4395,B08[S-B]
4396,B08[S-Si]
4397,B08[S-X]
4398,B08[P-P]
4399,B08[P-F]
4400,B08[P-Cl]
4401,B08[P-Br]
4402,B08[P-I]
4403,B08[P-B]
4404,B08[P-Si]
4405,B08[P-X]
4406,B08[F-F]
4407,B08[F-Cl]
4408,B08[F-Br]
4409,B08[F-I]
4410,B08[F-B]
4411,B08[F-Si]
4412,B08[F-X]
4413,B08[Cl-Cl]
4414,B08[Cl-Br]
4415,B08[Cl-I]
4416,B08[Cl-B]
4417,B08[Cl-Si]
4418,B08[Cl-X]
4419,B08[Br-Br]
4420,B08[Br-I]
4421,B08[Br-B]
4422,B08[Br-Si]
4423,B08[Br-X]
4424,B08[I-I]
4425,B08[I-B]
4426,B08[I-Si]
4427,B08[I-X]
4428,B08[B-B]
4429,B08[B-Si]
4430,B08[B-X]
4431,B08[Si-Si]
4432,B08[Si-X]
4433,B08[X-X]
4434,B09[C-C]
4435,B09[C-N]
4436,B09[C-O]
4437,B09[C-S]
4438,B09[C-P]
4439,B09[C-F]
4440,B09[C-Cl]
4441,B09[C-Br]
4442,B09[C-I]
4443,B09[C-B]
4444,B09[C-Si]
4445,B09[C-X]
4446,B09[N-N]
4447,B09[N-O]
4448,B09[N-S]
4449,B09[N-P]
4450,B09[N-F]
4451,B09[N-Cl]
4452,B09[N-Br]
4453,B09[N-I]
4454,B09[N-B]
4455,B09[N-Si]
4456,B09[N-X]
4457,B09[O-O]
4458,B09[O-S]
4459,B09[O-P]
4460,B09[O-F]
4461,B09[O-Cl]
4462,B09[O-Br]
4463,B09[O-I]
4464,B09[O-B]
4465,B09[O-Si]
4466,B09[O-X]
4467,B09[S-S]
4468,B09[S-P]
4469,B09[S-F]
4470,B09[S-Cl]
4471,B09[S-Br]
4472,B09[S-I]
4473,B09[S-B]
4474,B09[S-Si]
4475,B09[S-X]
4476,B09[P-P]
4477,B09[P-F]
4478,B09[P-Cl]
4479,B09[P-Br]
4480,B09[P-I]
4481,B09[P-B]
4482,B09[P-Si]
4483,B09[P-X]
4484,B09[F-F]
4485,B09[F-Cl]
4486,B09[F-Br]
4487,B09[F-I]
4488,B09[F-B]
4489,B09[F-Si]
4490,B09[F-X]
4491,B09[Cl-Cl]
4492,B09[Cl-Br]
4493,B09[Cl-I]
4494,B09[Cl-B]
4495,B09[Cl-Si]
4496,B09[Cl-X]
4497,B09[Br-Br]
4498,B09[Br-I]
4499,B09[Br-B]
4500,B09[Br-Si]
4501,B09[Br-X]
4502,B09[I-I]
4503,B09[I-B]
4504,B09[I-Si]
4505,B09[I-X]
4506,B09[B-B]
4507,B09[B-Si]
4508,B09[B-X]
4509,B09[Si-Si]
4510,B09[Si-X]
4511,B09[X-X]
4512,B10[C-C]
4513,B10[C-N]
4514,B10[C-O]
4515,B10[C-S]
4516,B10[C-P]
4517,B10[C-F]
4518,B10[C-Cl]
4519,B10[C-Br]
4520,B10[C-I]
4521,B10[C-B]
4522,B10[C-Si]
4523,B10[C-X]
4524,B10[N-N]
4525,B10[N-O]
4526,B10[N-S]
4527,B10[N-P]
4528,B10[N-F]
4529,B10[N-Cl]
4530,B10[N-Br]
4531,B10[N-I]
4532,B10[N-B]
4533,B10[N-Si]
4534,B10[N-X]
4535,B10[O-O]
4536,B10[O-S]
4537,B10[O-P]
4538,B10[O-F]
4539,B10[O-Cl]
4540,B10[O-Br]
4541,B10[O-I]
4542,B10[O-B]
4543,B10[O-Si]
4544,B10[O-X]
4545,B10[S-S]
4546,B10[S-P]
4547,B10[S-F]
4548,B10[S-Cl]
4549,B10[S-Br]
4550,B10[S-I]
4551,B10[S-B]
4552,B10[S-Si]
4553,B10[S-X]
4554,B10[P-P]
4555,B10[P-F]
4556,B10[P-Cl]
4557,B10[P-Br]
4558,B10[P-I]
4559,B10[P-B]
4560,B10[P-Si]
4561,B10[P-X]
4562,B10[F-F]
4563,B10[F-Cl]
4564,B10[F-Br]
4565,B10[F-I]
4566,B10[F-B]
4567,B10[F-Si]
4568,B10[F-X]
4569,B10[Cl-Cl]
4570,B10[Cl-Br]
4571,B10[Cl-I]
4572,B10[Cl-B]
4573,B10[Cl-Si]
4574,B10[Cl-X]
4575,B10[Br-Br]
4576,B10[Br-I]
4577,B10[Br-B]
4578,B10[Br-Si]
4579,B10[Br-X]
4580,B10[I-I]
4581,B10[I-B]
4582,B10[I-Si]
4583,B10[I-X]
4584,B10[B-B]
4585,B10[B-Si]
4586,B10[B-X]
4587,B10[Si-Si]
4588,B10[Si-X]
4589,B10[X-X]
4590,F01[C-C]
4591,F01[C-N]
4592,F01[C-O]
4593,F01[C-S]
4594,F01[C-P]
4595,F01[C-F]
4596,F01[C-Cl]
4597,F01[C-Br]
4598,F01[C-I]
4599,F01[C-B]
4600,F01[C-Si]
4601,F01[C-X]
4602,F01[N-N]
4603,F01[N-O]
4604,F01[N-S]
4605,F01[N-P]
4606,F01[N-F]
4607,F01[N-Cl]
4608,F01[N-Br]
4609,F01[N-I]
4610,F01[N-B]
4611,F01[N-Si]
4612,F01[N-X]
4613,F01[O-O]
4614,F01[O-S]
4615,F01[O-P]
4616,F01[O-F]
4617,F01[O-Cl]
4618,F01[O-Br]
4619,F01[O-I]
4620,F01[O-B]
4621,F01[O-Si]
4622,F01[O-X]
4623,F01[S-S]
4624,F01[S-P]
4625,F01[S-F]
4626,F01[S-Cl]
4627,F01[S-Br]
4628,F01[S-I]
4629,F01[S-B]
4630,F01[S-Si]
4631,F01[S-X]
4632,F01[P-P]
4633,F01[P-F]
4634,F01[P-Cl]
4635,F01[P-Br]
4636,F01[P-I]
4637,F01[P-B]
4638,F01[P-Si]
4639,F01[P-X]
4640,F01[F-F]
4641,F01[F-Cl]
4642,F01[F-Br]
4643,F01[F-I]
4644,F01[F-B]
4645,F01[F-Si]
4646,F01[F-X]
4647,F01[Cl-Cl]
4648,F01[Cl-Br]
4649,F01[Cl-I]
4650,F01[Cl-B]
4651,F01[Cl-Si]
4652,F01[Cl-X]
4653,F01[Br-Br]
4654,F01[Br-I]
4655,F01[Br-B]
4656,F01[Br-Si]
4657,F01[Br-X]
4658,F01[I-I]
4659,F01[I-B]
4660,F01[I-Si]
4661,F01[I-X]
4662,F01[B-B]
4663,F01[B-Si]
4664,F01[B-X]
4665,F01[Si-Si]
4666,F01[Si-X]
4667,F01[X-X]
4668,F02[C-C]
4669,F02[C-N]
4670,F02[C-O]
4671,F02[C-S]
4672,F02[C-P]
4673,F02[C-F]
4674,F02[C-Cl]
4675,F02[C-Br]
4676,F02[C-I]
4677,F02[C-B]
4678,F02[C-Si]
4679,F02[C-X]
4680,F02[N-N]
4681,F02[N-O]
4682,F02[N-S]
4683,F02[N-P]
4684,F02[N-F]
4685,F02[N-Cl]
4686,F02[N-Br]
4687,F02[N-I]
4688,F02[N-B]
4689,F02[N-Si]
4690,F02[N-X]
4691,F02[O-O]
4692,F02[O-S]
4693,F02[O-P]
4694,F02[O-F]
4695,F02[O-Cl]
4696,F02[O-Br]
4697,F02[O-I]
4698,F02[O-B]
4699,F02[O-Si]
4700,F02[O-X]
4701,F02[S-S]
4702,F02[S-P]
4703,F02[S-F]
4704,F02[S-Cl]
4705,F02[S-Br]
4706,F02[S-I]
4707,F02[S-B]
4708,F02[S-Si]
4709,F02[S-X]
4710,F02[P-P]
4711,F02[P-F]
4712,F02[P-Cl]
4713,F02[P-Br]
4714,F02[P-I]
4715,F02[P-B]
4716,F02[P-Si]
4717,F02[P-X]
4718,F02[F-F]
4719,F02[F-Cl]
4720,F02[F-Br]
4721,F02[F-I]
4722,F02[F-B]
4723,F02[F-Si]
4724,F02[F-X]
4725,F02[Cl-Cl]
4726,F02[Cl-Br]
4727,F02[Cl-I]
4728,F02[Cl-B]
4729,F02[Cl-Si]
4730,F02[Cl-X]
4731,F02[Br-Br]
4732,F02[Br-I]
4733,F02[Br-B]
4734,F02[Br-Si]
4735,F02[Br-X]
4736,F02[I-I]
4737,F02[I-B]
4738,F02[I-Si]
4739,F02[I-X]
4740,F02[B-B]
4741,F02[B-Si]
4742,F02[B-X]
4743,F02[Si-Si]
4744,F02[Si-X]
4745,F02[X-X]
4746,F03[C-C]
4747,F03[C-N]
4748,F03[C-O]
4749,F03[C-S]
4750,F03[C-P]
4751,F03[C-F]
4752,F03[C-Cl]
4753,F03[C-Br]
4754,F03[C-I]
4755,F03[C-B]
4756,F03[C-Si]
4757,F03[C-X]
4758,F03[N-N]
4759,F03[N-O]
4760,F03[N-S]
4761,F03[N-P]
4762,F03[N-F]
4763,F03[N-Cl]
4764,F03[N-Br]
4765,F03[N-I]
4766,F03[N-B]
4767,F03[N-Si]
4768,F03[N-X]
4769,F03[O-O]
4770,F03[O-S]
4771,F03[O-P]
4772,F03[O-F]
4773,F03[O-Cl]
4774,F03[O-Br]
4775,F03[O-I]
4776,F03[O-B]
4777,F03[O-Si]
4778,F03[O-X]
4779,F03[S-S]
4780,F03[S-P]
4781,F03[S-F]
4782,F03[S-Cl]
4783,F03[S-Br]
4784,F03[S-I]
4785,F03[S-B]
4786,F03[S-Si]
4787,F03[S-X]
4788,F03[P-P]
4789,F03[P-F]
4790,F03[P-Cl]
4791,F03[P-Br]
4792,F03[P-I]
4793,F03[P-B]
4794,F03[P-Si]
4795,F03[P-X]
4796,F03[F-F]
4797,F03[F-Cl]
4798,F03[F-Br]
4799,F03[F-I]
4800,F03[F-B]
4801,F03[F-Si]
4802,F03[F-X]
4803,F03[Cl-Cl]
4804,F03[Cl-Br]
4805,F03[Cl-I]
4806,F03[Cl-B]
4807,F03[Cl-Si]
4808,F03[Cl-X]
4809,F03[Br-Br]
4810,F03[Br-I]
4811,F03[Br-B]
4812,F03[Br-Si]
4813,F03[Br-X]
4814,F03[I-I]
4815,F03[I-B]
4816,F03[I-Si]
4817,F03[I-X]
4818,F03[B-B]
4819,F03[B-Si]
4820,F03[B-X]
4821,F03[Si-Si]
4822,F03[Si-X]
4823,F03[X-X]
4824,F04[C-C]
4825,F04[C-N]
4826,F04[C-O]
4827,F04[C-S]
4828,F04[C-P]
4829,F04[C-F]
4830,F04[C-Cl]
4831,F04[C-Br]
4832,F04[C-I]
4833,F04[C-B]
4834,F04[C-Si]
4835,F04[C-X]
4836,F04[N-N]
4837,F04[N-O]
4838,F04[N-S]
4839,F04[N-P]
4840,F04[N-F]
4841,F04[N-Cl]
4842,F04[N-Br]
4843,F04[N-I]
4844,F04[N-B]
4845,F04[N-Si]
4846,F04[N-X]
4847,F04[O-O]
4848,F04[O-S]
4849,F04[O-P]
4850,F04[O-F]
4851,F04[O-Cl]
4852,F04[O-Br]
4853,F04[O-I]
4854,F04[O-B]
4855,F04[O-Si]
4856,F04[O-X]
4857,F04[S-S]
4858,F04[S-P]
4859,F04[S-F]
4860,F04[S-Cl]
4861,F04[S-Br]
4862,F04[S-I]
4863,F04[S-B]
4864,F04[S-Si]
4865,F04[S-X]
4866,F04[P-P]
4867,F04[P-F]
4868,F04[P-Cl]
4869,F04[P-Br]
4870,F04[P-I]
4871,F04[P-B]
4872,F04[P-Si]
4873,F04[P-X]
4874,F04[F-F]
4875,F04[F-Cl]
4876,F04[F-Br]
4877,F04[F-I]
4878,F04[F-B]
4879,F04[F-Si]
4880,F04[F-X]
4881,F04[Cl-Cl]
4882,F04[Cl-Br]
4883,F04[Cl-I]
4884,F04[Cl-B]
4885,F04[Cl-Si]
4886,F04[Cl-X]
4887,F04[Br-Br]
4888,F04[Br-I]
4889,F04[Br-B]
4890,F04[Br-Si]
4891,F04[Br-X]
4892,F04[I-I]
4893,F04[I-B]
4894,F04[I-Si]
4895,F04[I-X]
4896,F04[B-B]
4897,F04[B-Si]
4898,F04[B-X]
4899,F04[Si-Si]
4900,F04[Si-X]
4901,F04[X-X]
4902,F05[C-C]
4903,F05[C-N]
4904,F05[C-O]
4905,F05[C-S]
4906,F05[C-P]
4907,F05[C-F]
4908,F05[C-Cl]
4909,F05[C-Br]
4910,F05[C-I]
4911,F05[C-B]
4912,F05[C-Si]
4913,F05[C-X]
4914,F05[N-N]
4915,F05[N-O]
4916,F05[N-S]
4917,F05[N-P]
4918,F05[N-F]
4919,F05[N-Cl]
4920,F05[N-Br]
4921,F05[N-I]
4922,F05[N-B]
4923,F05[N-Si]
4924,F05[N-X]
4925,F05[O-O]
4926,F05[O-S]
4927,F05[O-P]
4928,F05[O-F]
4929,F05[O-Cl]
4930,F05[O-Br]
4931,F05[O-I]
4932,F05[O-B]
4933,F05[O-Si]
4934,F05[O-X]
4935,F05[S-S]
4936,F05[S-P]
4937,F05[S-F]
4938,F05[S-Cl]
4939,F05[S-Br]
4940,F05[S-I]
4941,F05[S-B]
4942,F05[S-Si]
4943,F05[S-X]
4944,F05[P-P]
4945,F05[P-F]
4946,F05[P-Cl]
4947,F05[P-Br]
4948,F05[P-I]
4949,F05[P-B]
4950,F05[P-Si]
4951,F05[P-X]
4952,F05[F-F]
4953,F05[F-Cl]
4954,F05[F-Br]
4955,F05[F-I]
4956,F05[F-B]
4957,F05[F-Si]
4958,F05[F-X]
4959,F05[Cl-Cl]
4960,F05[Cl-Br]
4961,F05[Cl-I]
4962,F05[Cl-B]
4963,F05[Cl-Si]
4964,F05[Cl-X]
4965,F05[Br-Br]
4966,F05[Br-I]
4967,F05[Br-B]
4968,F05[Br-Si]
4969,F05[Br-X]
4970,F05[I-I]
4971,F05[I-B]
4972,F05[I-Si]
4973,F05[I-X]
4974,F05[B-B]
4975,F05[B-Si]
4976,F05[B-X]
4977,F05[Si-Si]
4978,F05[Si-X]
4979,F05[X-X]
4980,F06[C-C]
4981,F06[C-N]
4982,F06[C-O]
4983,F06[C-S]
4984,F06[C-P]
4985,F06[C-F]
4986,F06[C-Cl]
4987,F06[C-Br]
4988,F06[C-I]
4989,F06[C-B]
4990,F06[C-Si]
4991,F06[C-X]
4992,F06[N-N]
4993,F06[N-O]
4994,F06[N-S]
4995,F06[N-P]
4996,F06[N-F]
4997,F06[N-Cl]
4998,F06[N-Br]
4999,F06[N-I]
5000,F06[N-B]
5001,F06[N-Si]
5002,F06[N-X]
5003,F06[O-O]
5004,F06[O-S]
5005,F06[O-P]
5006,F06[O-F]
5007,F06[O-Cl]
5008,F06[O-Br]
5009,F06[O-I]
5010,F06[O-B]
5011,F06[O-Si]
5012,F06[O-X]
5013,F06[S-S]
5014,F06[S-P]
5015,F06[S-F]
5016,F06[S-Cl]
5017,F06[S-Br]
5018,F06[S-I]
5019,F06[S-B]
5020,F06[S-Si]
5021,F06[S-X]
5022,F06[P-P]
5023,F06[P-F]
5024,F06[P-Cl]
5025,F06[P-Br]
5026,F06[P-I]
5027,F06[P-B]
5028,F06[P-Si]
5029,F06[P-X]
5030,F06[F-F]
5031,F06[F-Cl]
5032,F06[F-Br]
5033,F06[F-I]
5034,F06[F-B]
5035,F06[F-Si]
5036,F06[F-X]
5037,F06[Cl-Cl]
5038,F06[Cl-Br]
5039,F06[Cl-I]
5040,F06[Cl-B]
5041,F06[Cl-Si]
5042,F06[Cl-X]
5043,F06[Br-Br]
5044,F06[Br-I]
5045,F06[Br-B]
5046,F06[Br-Si]
5047,F06[Br-X]
5048,F06[I-I]
5049,F06[I-B]
5050,F06[I-Si]
5051,F06[I-X]
5052,F06[B-B]
5053,F06[B-Si]
5054,F06[B-X]
5055,F06[Si-Si]
5056,F06[Si-X]
5057,F06[X-X]
5058,F07[C-C]
5059,F07[C-N]
5060,F07[C-O]
5061,F07[C-S]
5062,F07[C-P]
5063,F07[C-F]
5064,F07[C-Cl]
5065,F07[C-Br]
5066,F07[C-I]
5067,F07[C-B]
5068,F07[C-Si]
5069,F07[C-X]
5070,F07[N-N]
5071,F07[N-O]
5072,F07[N-S]
5073,F07[N-P]
5074,F07[N-F]
5075,F07[N-Cl]
5076,F07[N-Br]
5077,F07[N-I]
5078,F07[N-B]
5079,F07[N-Si]
5080,F07[N-X]
5081,F07[O-O]
5082,F07[O-S]
5083,F07[O-P]
5084,F07[O-F]
5085,F07[O-Cl]
5086,F07[O-Br]
5087,F07[O-I]
5088,F07[O-B]
5089,F07[O-Si]
5090,F07[O-X]
5091,F07[S-S]
5092,F07[S-P]
5093,F07[S-F]
5094,F07[S-Cl]
5095,F07[S-Br]
5096,F07[S-I]
5097,F07[S-B]
5098,F07[S-Si]
5099,F07[S-X]
5100,F07[P-P]
5101,F07[P-F]
5102,F07[P-Cl]
5103,F07[P-Br]
5104,F07[P-I]
5105,F07[P-B]
5106,F07[P-Si]
5107,F07[P-X]
5108,F07[F-F]
5109,F07[F-Cl]
5110,F07[F-Br]
5111,F07[F-I]
5112,F07[F-B]
5113,F07[F-Si]
5114,F07[F-X]
5115,F07[Cl-Cl]
5116,F07[Cl-Br]
5117,F07[Cl-I]
5118,F07[Cl-B]
5119,F07[Cl-Si]
5120,F07[Cl-X]
5121,F07[Br-Br]
5122,F07[Br-I]
5123,F07[Br-B]
5124,F07[Br-Si]
5125,F07[Br-X]
5126,F07[I-I]
5127,F07[I-B]
5128,F07[I-Si]
5129,F07[I-X]
5130,F07[B-B]
5131,F07[B-Si]
5132,F07[B-X]
5133,F07[Si-Si]
5134,F07[Si-X]
5135,F07[X-X]
5136,F08[C-C]
5137,F08[C-N]
5138,F08[C-O]
5139,F08[C-S]
5140,F08[C-P]
5141,F08[C-F]
5142,F08[C-Cl]
5143,F08[C-Br]
5144,F08[C-I]
5145,F08[C-B]
5146,F08[C-Si]
5147,F08[C-X]
5148,F08[N-N]
5149,F08[N-O]
5150,F08[N-S]
5151,F08[N-P]
5152,F08[N-F]
5153,F08[N-Cl]
5154,F08[N-Br]
5155,F08[N-I]
5156,F08[N-B]
5157,F08[N-Si]
5158,F08[N-X]
5159,F08[O-O]
5160,F08[O-S]
5161,F08[O-P]
5162,F08[O-F]
5163,F08[O-Cl]
5164,F08[O-Br]
5165,F08[O-I]
5166,F08[O-B]
5167,F08[O-Si]
5168,F08[O-X]
5169,F08[S-S]
5170,F08[S-P]
5171,F08[S-F]
5172,F08[S-Cl]
5173,F08[S-Br]
5174,F08[S-I]
5175,F08[S-B]
5176,F08[S-Si]
5177,F08[S-X]
5178,F08[P-P]
5179,F08[P-F]
5180,F08[P-Cl]
5181,F08[P-Br]
5182,F08[P-I]
5183,F08[P-B]
5184,F08[P-Si]
5185,F08[P-X]
5186,F08[F-F]
5187,F08[F-Cl]
5188,F08[F-Br]
5189,F08[F-I]
5190,F08[F-B]
5191,F08[F-Si]
5192,F08[F-X]
5193,F08[Cl-Cl]
5194,F08[Cl-Br]
5195,F08[Cl-I]
5196,F08[Cl-B]
5197,F08[Cl-Si]
5198,F08[Cl-X]
5199,F08[Br-Br]
5200,F08[Br-I]
5201,F08[Br-B]
5202,F08[Br-Si]
5203,F08[Br-X]
5204,F08[I-I]
5205,F08[I-B]
5206,F08[I-Si]
5207,F08[I-X]
5208,F08[B-B]
5209,F08[B-Si]
5210,F08[B-X]
5211,F08[Si-Si]
5212,F08[Si-X]
5213,F08[X-X]
5214,F09[C-C]
5215,F09[C-N]
5216,F09[C-O]
5217,F09[C-S]
5218,F09[C-P]
5219,F09[C-F]
5220,F09[C-Cl]
5221,F09[C-Br]
5222,F09[C-I]
5223,F09[C-B]
5224,F09[C-Si]
5225,F09[C-X]
5226,F09[N-N]
5227,F09[N-O]
5228,F09[N-S]
5229,F09[N-P]
5230,F09[N-F]
5231,F09[N-Cl]
5232,F09[N-Br]
5233,F09[N-I]
5234,F09[N-B]
5235,F09[N-Si]
5236,F09[N-X]
5237,F09[O-O]
5238,F09[O-S]
5239,F09[O-P]
5240,F09[O-F]
5241,F09[O-Cl]
5242,F09[O-Br]
5243,F09[O-I]
5244,F09[O-B]
5245,F09[O-Si]
5246,F09[O-X]
5247,F09[S-S]
5248,F09[S-P]
5249,F09[S-F]
5250,F09[S-Cl]
5251,F09[S-Br]
5252,F09[S-I]
5253,F09[S-B]
5254,F09[S-Si]
5255,F09[S-X]
5256,F09[P-P]
5257,F09[P-F]
5258,F09[P-Cl]
5259,F09[P-Br]
5260,F09[P-I]
5261,F09[P-B]
5262,F09[P-Si]
5263,F09[P-X]
5264,F09[F-F]
5265,F09[F-Cl]
5266,F09[F-Br]
5267,F09[F-I]
5268,F09[F-B]
5269,F09[F-Si]
5270,F09[F-X]
5271,F09[Cl-Cl]
5272,F09[Cl-Br]
5273,F09[Cl-I]
5274,F09[Cl-B]
5275,F09[Cl-Si]
5276,F09[Cl-X]
5277,F09[Br-Br]
5278,F09[Br-I]
5279,F09[Br-B]
5280,F09[Br-Si]
5281,F09[Br-X]
5282,F09[I-I]
5283,F09[I-B]
5284,F09[I-Si]
5285,F09[I-X]
5286,F09[B-B]
5287,F09[B-Si]
5288,F09[B-X]
5289,F09[Si-Si]
5290,F09[Si-X]
5291,F09[X-X]
5292,F10[C-C]
5293,F10[C-N]
5294,F10[C-O]
5295,F10[C-S]
5296,F10[C-P]
5297,F10[C-F]
5298,F10[C-Cl]
5299,F10[C-Br]
5300,F10[C-I]
5301,F10[C-B]
5302,F10[C-Si]
5303,F10[C-X]
5304,F10[N-N]
5305,F10[N-O]
5306,F10[N-S]
5307,F10[N-P]
5308,F10[N-F]
5309,F10[N-Cl]
5310,F10[N-Br]
5311,F10[N-I]
5312,F10[N-B]
5313,F10[N-Si]
5314,F10[N-X]
5315,F10[O-O]
5316,F10[O-S]
5317,F10[O-P]
5318,F10[O-F]
5319,F10[O-Cl]
5320,F10[O-Br]
5321,F10[O-I]
5322,F10[O-B]
5323,F10[O-Si]
5324,F10[O-X]
5325,F10[S-S]
5326,F10[S-P]
5327,F10[S-F]
5328,F10[S-Cl]
5329,F10[S-Br]
5330,F10[S-I]
5331,F10[S-B]
5332,F10[S-Si]
5333,F10[S-X]
5334,F10[P-P]
5335,F10[P-F]
5336,F10[P-Cl]
5337,F10[P-Br]
5338,F10[P-I]
5339,F10[P-B]
5340,F10[P-Si]
5341,F10[P-X]
5342,F10[F-F]
5343,F10[F-Cl]
5344,F10[F-Br]
5345,F10[F-I]
5346,F10[F-B]
5347,F10[F-Si]
5348,F10[F-X]
5349,F10[Cl-Cl]
5350,F10[Cl-Br]
5351,F10[Cl-I]
5352,F10[Cl-B]
5353,F10[Cl-Si]
5354,F10[Cl-X]
5355,F10[Br-Br]
5356,F10[Br-I]
5357,F10[Br-B]
5358,F10[Br-Si]
5359,F10[Br-X]
5360,F10[I-I]
5361,F10[I-B]
5362,F10[I-Si]
5363,F10[I-X]
5364,F10[B-B]
5365,F10[B-Si]
5366,F10[B-X]
5367,F10[Si-Si]
5368,F10[Si-X]
5369,F10[X-X]
5370,qpmax
5371,qnmax
5372,Qpos
5373,Qneg
5374,Qtot
5375,Qmean
5376,Q2
5377,RPCG
5378,RNCG
5379,SPP
5380,LDI
5381,Uc
5382,Ui
5383,Hy
5384,TPSA(NO)
5385,TPSA(Tot)
5386,MLOGP
5387,MLOGP2
5388,SAtot
5389,SAacc
5390,SAdon
5391,Vx
5392,VvdwMG
5393,VvdwZAZ
5394,PDI
5395,BLTF96
5396,BLTD48
5397,BLTA96
5398,Ro5
5399,cRo5
5400,DLS_01
5401,DLS_02
5402,DLS_03
5403,DLS_04
5404,DLS_05
5405,DLS_06
5406,DLS_07
5407,DLS_cons
5408,LLS_01
5409,LLS_02
